seg_id,time_to_failure
seg_00030f,7.315749645233154
seg_0012b5,3.7884275913238525
seg_00184e,1.8154104948043823
seg_003339,7.352537631988525
seg_0042cc,4.3094658851623535
seg_004314,2.8422662126104115e-06
seg_004cd2,6.828938007354736
seg_004ee5,5.546439170837402
seg_004f1f,3.860069990158081
seg_00648a,1.4076796770095825
seg_006e4a,4.948844909667969
seg_007a37,4.471545696258545
seg_00a37e,3.327481746673584
seg_00be11,5.470090389251709
seg_00c35b,6.816417217254639
seg_00cc91,1.8432650566101074
seg_00e5f7,6.359323501586914
seg_00f3b9,1.4784462451934814
seg_010eab,7.685171127319336
seg_0125d9,6.604099750518799
seg_0144cb,6.950890064239502
seg_0165c6,5.276908874511719
seg_016913,1.2573866844177246
seg_016cdb,5.466549396514893
seg_017314,7.062236785888672
seg_01a8dc,4.789900302886963
seg_01c775,6.629166126251221
seg_01ecb0,1.8959921598434448
seg_02042f,6.271688938140869
seg_025e78,3.9848341941833496
seg_032822,0.48166733980178833
seg_0339ca,2.288594961166382
seg_037461,5.39284086227417
seg_038879,7.60223913192749
seg_03d386,0.2604006230831146
seg_03d63e,1.6588438749313354
seg_03d680,6.439250469207764
seg_03f380,3.8515048027038574
seg_0445d7,4.58567476272583
seg_046c28,3.8447141647338867
seg_0488a1,7.509416103363037
seg_049957,8.312352180480957
seg_04a696,8.320615768432617
seg_04ae38,5.871951580047607
seg_04b87a,8.082074165344238
seg_04cceb,6.676418781280518
seg_04ee93,6.065906524658203
seg_04fd93,6.69425106048584
seg_0536c9,0.2719910144805908
seg_055127,6.017847537994385
seg_05a1b0,6.310815334320068
seg_05a4ad,6.382857322692871
seg_05b66a,7.7075934410095215
seg_05bef4,5.848567485809326
seg_05e0d7,7.0194902420043945
seg_05f126,5.826343536376953
seg_05f9d6,5.632530212402344
seg_060ce4,3.2989485263824463
seg_061a33,3.736368179321289
seg_0620e6,7.162430286407471
seg_063865,2.477112054824829
seg_065588,4.7766499519348145
seg_06893f,2.6494956016540527
seg_06b8c9,5.481288909912109
seg_06bbc5,4.462491989135742
seg_06d4a2,5.210708141326904
seg_06d7ba,1.1490668058395386
seg_070bb0,2.6292407512664795
seg_071067,4.672383785247803
seg_073696,7.602032661437988
seg_075340,3.408865213394165
seg_075f77,2.6638834476470947
seg_0775a7,3.237152099609375
seg_077b7e,4.616342067718506
seg_079e34,3.462272882461548
seg_07c815,1.4242910146713257
seg_07cd72,2.1464574337005615
seg_07f37c,1.3905075788497925
seg_07f8df,3.488341808319092
seg_07fc6d,5.495312690734863
seg_086a61,6.952757835388184
seg_0870ab,5.255640983581543
seg_0879a8,7.293746471405029
seg_08b136,4.3978118896484375
seg_08f441,3.4604835510253906
seg_08fd5b,2.9401516914367676
seg_091c9d,6.712892532348633
seg_093a0a,8.032488822937012
seg_0968f1,4.992091655731201
seg_0981f3,4.367349147796631
seg_09dd59,5.205775260925293
seg_09ed4e,8.375818252563477
seg_09f0ff,3.3779640197753906
seg_0a0fbb,7.338992595672607
seg_0a1bd0,6.920810222625732
seg_0a42ba,7.036470890045166
seg_0a45a1,2.0221004486083984
seg_0a97c4,5.949804782867432
seg_0aa0fb,8.137261390686035
seg_0b07c7,7.080352306365967
seg_0b082e,6.042843818664551
seg_0b32f7,4.994283676147461
seg_0b3b94,1.0579687356948853
seg_0b48c4,6.370123386383057
seg_0b4b24,6.069461345672607
seg_0b54ac,5.162242412567139
seg_0b76f5,4.714884281158447
seg_0b9ad8,5.569370746612549
seg_0b9ba3,5.5756988525390625
seg_0ba210,7.670166015625
seg_0ba585,0.06974571198225021
seg_0bb5fd,7.831496715545654
seg_0bc877,3.952808141708374
seg_0be6ee,3.549856185913086
seg_0c12cc,6.115196228027344
seg_0c1d3a,4.153464317321777
seg_0c247b,6.256638050079346
seg_0c3943,3.7209043502807617
seg_0c4e31,4.399240970611572
seg_0c74cf,4.147872447967529
seg_0c8502,7.147817611694336
seg_0c89ce,4.899859428405762
seg_0c9aa8,7.87210750579834
seg_0cb81b,5.739638805389404
seg_0cca14,2.1133413314819336
seg_0cdcc8,0.8596813678741455
seg_0cf651,0.6824376583099365
seg_0d0250,3.7286629676818848
seg_0d04b9,6.587430477142334
seg_0d13a7,3.593637704849243
seg_0d434c,7.991068363189697
seg_0d540e,3.96390700340271
seg_0d663a,7.455684185028076
seg_0d6d68,5.193170070648193
seg_0d762e,4.846584796905518
seg_0d833c,6.934628486633301
seg_0dae4b,3.3279199600219727
seg_0dc38f,4.595290660858154
seg_0dcc40,7.27021598815918
seg_0df469,2.928896427154541
seg_0df75c,7.737598896026611
seg_0dfe8c,5.2296037673950195
seg_0e1370,4.822650909423828
seg_0e1fbe,6.2451581954956055
seg_0e3739,4.31018590927124
seg_0e3d44,8.974459910435308e-28
seg_0e3ed2,3.9653892517089844
seg_0e4833,7.763362884521484
seg_0e7cc5,5.491918563842773
seg_0e8b79,7.500421047210693
seg_0e9987,3.8025546073913574
seg_0e9bb3,5.893143653869629
seg_0eb333,3.4789814949035645
seg_0ebfd9,5.123206615447998
seg_0f565c,4.467732906341553
seg_0f74a3,5.248745441436768
seg_0f8961,7.102296352386475
seg_0fc67a,8.376546859741211
seg_0fca83,0.7310250997543335
seg_0fd3ff,6.706266403198242
seg_1010ad,5.717787742614746
seg_103b32,6.390007019042969
seg_105cd9,0.009341239929199219
seg_1084af,7.552367687225342
seg_10a595,3.351008892059326
seg_10c09d,6.492865085601807
seg_10f3a6,1.8279149532318115
seg_112b81,7.120540618896484
seg_1144bc,8.333281517028809
seg_114b79,4.220393180847168
seg_115617,7.685044288635254
seg_115a92,2.871757984161377
seg_11647f,0.031896546483039856
seg_117278,5.131568431854248
seg_117ff4,6.033427715301514
seg_11860f,4.459580898284912
seg_1201e8,2.095114231109619
seg_121446,6.260461330413818
seg_121cba,1.9338312149047852
seg_122ba9,2.7858827114105225
seg_123dd4,8.314874649047852
seg_12ac20,7.51246452331543
seg_12b9ba,7.53516960144043
seg_12ee6e,3.0323662757873535
seg_130e17,1.6498470306396484
seg_13468a,4.831493854522705
seg_136285,2.015974760055542
seg_136695,5.6868181228637695
seg_137f8a,7.928038597106934
seg_138807,4.430476188659668
seg_13c2f0,5.387895107269287
seg_13e25f,6.2843170166015625
seg_140bc5,0.564178466796875
seg_141f34,7.854521751403809
seg_146926,6.447837829589844
seg_148698,4.971664905548096
seg_14ad27,3.8674137592315674
seg_14c054,7.205509662628174
seg_14c371,6.379634380340576
seg_14c435,6.391119480133057
seg_14c89d,4.755244255065918
seg_14c8ce,6.978165626525879
seg_14d1d3,5.738012313842773
seg_14f5f0,8.327667236328125
seg_151368,6.043465614318848
seg_151d92,3.811934232711792
seg_153d6a,7.534569263458252
seg_154361,5.152390003204346
seg_1562cb,8.243446350097656
seg_158691,6.415744781494141
seg_158764,5.419416427612305
seg_15adff,5.7501935958862305
seg_15bf25,7.130205154418945
seg_15c9f9,4.2145819664001465
seg_161aeb,7.675165176391602
seg_161f5f,5.581037521362305
seg_162fc4,6.250857830047607
seg_16566c,6.746561527252197
seg_166f70,7.764822006225586
seg_168d1c,8.123400688171387
seg_16a270,7.267369270324707
seg_16c3a7,3.7040796279907227
seg_17067e,2.5119266510009766
seg_170684,7.187155246734619
seg_170a0c,7.257537841796875
seg_176542,7.2399067878723145
seg_17799c,6.728116989135742
seg_179d90,7.584927082061768
seg_17adc0,6.184920787811279
seg_17d1ff,3.309772253036499
seg_17e596,6.606857776641846
seg_180481,6.7610297203063965
seg_18096a,6.550431251525879
seg_1815fe,5.941868305206299
seg_1827c5,8.239361763000488
seg_184222,3.761658191680908
seg_185ad6,6.1615681648254395
seg_18d1d0,0.09802348166704178
seg_18d307,2.747450113296509
seg_18f633,4.385539531707764
seg_18f853,3.1739094257354736
seg_18fb65,0.023315206170082092
seg_193404,8.380260467529297
seg_19515c,4.452681064605713
seg_195eda,7.143226623535156
seg_1969c8,5.884040355682373
seg_19b08e,5.958696365356445
seg_19b9dd,5.621063709259033
seg_19e1ff,4.901543617248535
seg_19ec5c,8.411311149597168
seg_1a0e94,7.822306156158447
seg_1a0eca,3.9464516639709473
seg_1a671a,3.619734048843384
seg_1a791c,6.061625957489014
seg_1a8e06,2.0503649711608887
seg_1a8f0d,5.181835174560547
seg_1a8f2c,5.506617546081543
seg_1abcaf,0.0013572629541158676
seg_1ac9e2,3.181002378463745
seg_1ae362,3.7994401454925537
seg_1afa29,5.713079929351807
seg_1b08a4,4.533261299133301
seg_1b1ad8,6.346969127655029
seg_1b2298,6.384071350097656
seg_1b78af,4.837197780609131
seg_1baf33,2.8134171962738037
seg_1bd38e,7.268482208251953
seg_1bf7b3,3.9767651557922363
seg_1c401b,7.636536121368408
seg_1c4c5b,3.6865830421447754
seg_1c4e72,6.728828430175781
seg_1c849d,3.8705050945281982
seg_1c904f,2.10788893699646
seg_1c929e,3.0953431129455566
seg_1cb942,8.070855140686035
seg_1cd352,5.483112812042236
seg_1cf1b5,0.5539318323135376
seg_1d044c,4.8427348136901855
seg_1d11e5,5.30479097366333
seg_1d596d,3.8804588317871094
seg_1d980f,3.805767774581909
seg_1da819,0.5408545732498169
seg_1db443,6.0284905433654785
seg_1db8e8,7.511264324188232
seg_1dec9c,8.024589538574219
seg_1e0523,5.409575939178467
seg_1e0b82,7.48899507522583
seg_1e572b,7.271853923797607
seg_1e617a,5.969763278961182
seg_1e61d6,3.955796718597412
seg_1e677e,5.645928382873535
seg_1eae76,3.82197642326355
seg_1ebe6b,1.9466251134872437
seg_1ece48,3.817129135131836
seg_1eeb8f,2.4532015323638916
seg_1ef708,4.348357200622559
seg_1f1e60,7.493587970733643
seg_1f3d44,1.742369532585144
seg_1f3ede,3.0010039806365967
seg_1f5240,5.352888107299805
seg_1f7cf8,2.655691146850586
seg_1f9aed,3.2157344818115234
seg_1fa983,2.6948983669281006
seg_1fc7ab,6.444352149963379
seg_1fe311,7.810708045959473
seg_2005a7,4.580667972564697
seg_2018c8,6.305953025817871
seg_204dc6,5.048560619354248
seg_208ba5,4.994624137878418
seg_2099f4,5.593998908996582
seg_20a990,3.7302587032318115
seg_20b8d0,2.867774486541748
seg_20cbac,4.923696994781494
seg_20cc25,0.17262843251228333
seg_20d9de,7.374566555023193
seg_20e9ad,6.158511161804199
seg_210388,5.80361795425415
seg_211299,6.045286178588867
seg_211486,6.886508464813232
seg_214492,3.678708553314209
seg_217eed,0.07551154494285583
seg_218049,5.606906890869141
seg_21eebb,4.9861650466918945
seg_21faa9,6.991089820861816
seg_222c5f,4.6024169921875
seg_225320,6.884660243988037
seg_226e60,6.717562198638916
seg_229eda,7.665795803070068
seg_22e509,4.549111843109131
seg_2313d1,5.102644920349121
seg_232559,7.955336570739746
seg_23323e,3.29934024810791
seg_2367fb,4.99104118347168
seg_238242,6.568324565887451
seg_2383c2,2.7737693786621094
seg_2396a2,6.024791717529297
seg_23b123,7.910363674163818
seg_23bdf9,6.051263809204102
seg_23c947,2.115046501159668
seg_23efb0,4.853087902069092
seg_23f823,2.682347059249878
seg_23fe27,6.716092109680176
seg_241266,4.6585798263549805
seg_24157a,7.053195953369141
seg_24458d,5.580639362335205
seg_2465ce,5.467642307281494
seg_247262,7.313533782958984
seg_24ba8d,4.057557106018066
seg_24c078,5.408936977386475
seg_24c1c9,3.3472585678100586
seg_24e071,3.9359476566314697
seg_24f338,5.974055290222168
seg_257b8a,4.919717788696289
seg_2597af,2.2947113513946533
seg_259c63,4.975207328796387
seg_259d65,2.5796332359313965
seg_259dd3,5.337731838226318
seg_25aa9f,7.877480983734131
seg_25ab3f,3.528212785720825
seg_25b38a,8.368072509765625
seg_25c8dc,6.81849479675293
seg_25cca7,7.487828731536865
seg_25e76d,2.142632007598877
seg_26049e,7.838171482086182
seg_263deb,2.8927159309387207
seg_263fb3,4.907325267791748
seg_2642d0,4.706923961639404
seg_2642d4,5.585151672363281
seg_264c7d,6.98496150970459
seg_266805,4.366003036499023
seg_266c6e,3.023240566253662
seg_266d4e,3.363288164138794
seg_268249,1.9972002506256104
seg_268625,4.901642799377441
seg_268956,2.785118579864502
seg_26a2a0,0.0
seg_26cba3,4.916214466094971
seg_26edaa,7.018115520477295
seg_2700bd,5.47990608215332
seg_272a47,0.5909847021102905
seg_274a1a,5.206322193145752
seg_2774c4,7.736037254333496
seg_279725,8.074056625366211
seg_27a282,6.631034851074219
seg_27b7c8,5.445331573486328
seg_27db4d,6.624109745025635
seg_27de37,6.128691673278809
seg_27f532,7.375247001647949
seg_27ff17,4.348778247833252
seg_280863,7.211877346038818
seg_280e3b,3.612351179122925
seg_284223,3.499058246612549
seg_284923,8.423276901245117
seg_287e60,2.676502227783203
seg_287fef,3.789290189743042
seg_288001,3.920966625213623
seg_2883ec,7.207854747772217
seg_289d99,1.0410183668136597
seg_28fc32,6.095691204071045
seg_29022f,4.132932662963867
seg_2916e3,7.6542887687683105
seg_293dbf,5.252081394195557
seg_293dc2,3.1893017292022705
seg_29475f,5.043553829193115
seg_295b1c,6.439813137054443
seg_2977cd,5.725233554840088
seg_29a073,4.603946685791016
seg_29acb7,2.358954906463623
seg_29c772,5.728512287139893
seg_29c906,1.6851658821105957
seg_29d497,1.102415680885315
seg_29d4c6,7.484150409698486
seg_29e799,6.607052326202393
seg_2a0ace,7.535391807556152
seg_2a0afc,5.0678486824035645
seg_2a0dc0,7.92443323135376
seg_2a2f1e,4.301889419555664
seg_2a4551,5.481963634490967
seg_2a6343,6.527249336242676
seg_2a8351,0.29477936029434204
seg_2aa101,1.2380008697509766
seg_2abd33,5.091817378997803
seg_2b2cb3,4.046632766723633
seg_2b372b,4.348977565765381
seg_2b4959,5.793575286865234
seg_2b6d52,7.104885578155518
seg_2ba79a,2.47509503364563
seg_2bcbde,8.11543083190918
seg_2be983,7.425971508026123
seg_2bf5be,7.8808913230896
seg_2bf9dd,6.129149436950684
seg_2c3203,1.0461704730987549
seg_2c5e9f,6.481503009796143
seg_2c6011,6.5958476066589355
seg_2c69e4,7.494139194488525
seg_2c762c,7.338664531707764
seg_2cac57,8.523943901062012
seg_2cadc0,7.357710838317871
seg_2cdbe3,1.534253478050232
seg_2d3828,4.96787166595459
seg_2d402d,3.9493865966796875
seg_2d427f,0.051602356135845184
seg_2d5544,4.959205627441406
seg_2d7cc4,0.015702908858656883
seg_2d92f0,7.826992511749268
seg_2db7dc,3.7668187618255615
seg_2dc6ff,3.7925586700439453
seg_2dccec,5.830056667327881
seg_2dcd3a,0.39026519656181335
seg_2dcd84,7.793162822723389
seg_2dfb91,7.074324607849121
seg_2e2372,6.391989707946777
seg_2e50fb,0.4814113974571228
seg_2e64af,3.5791103839874268
seg_2e71dd,0.3083021938800812
seg_2e88dd,6.14328145980835
seg_2e917f,5.592881679534912
seg_2e9a47,6.465347766876221
seg_2ea616,4.268394470214844
seg_2eccb9,3.013082504272461
seg_2ece02,3.415043592453003
seg_2ed79b,4.275297164916992
seg_2eddf6,6.459963798522949
seg_2ee95c,8.334904670715332
seg_2efd5c,7.062122344970703
seg_2f1664,6.635478496551514
seg_2f4f14,3.8115346431732178
seg_2f5695,1.8673560619354248
seg_2f60db,7.950117111206055
seg_2f86cd,1.0034054239953765e-21
seg_2f8e19,6.717465877532959
seg_2f8f6d,7.811270713806152
seg_2f9336,6.286457061767578
seg_2f9581,0.046584852039813995
seg_2fb672,8.561659812927246
seg_2fe382,4.718771934509277
seg_301c1e,3.714977502822876
seg_30207d,6.837129592895508
seg_304581,5.27024507522583
seg_304b87,3.1711843013763428
seg_304df5,6.996652603149414
seg_30501b,7.053216934204102
seg_3065ba,4.220168590545654
seg_30661b,6.649635314941406
seg_306756,8.929988861083984
seg_30ad2a,0.11948264390230179
seg_30b043,5.48878812789917
seg_30da11,4.781005859375
seg_30fd84,7.332858562469482
seg_310230,4.427392482757568
seg_31064b,3.587141990661621
seg_311499,3.4039196968078613
seg_311b5e,2.6151492595672607
seg_3128e6,4.78886604309082
seg_3151ff,4.963851451873779
seg_31631c,6.698271751403809
seg_316f86,2.589449882507324
seg_318135,2.426044464111328
seg_31a51f,0.15831999480724335
seg_31a6cd,6.798460483551025
seg_31b808,5.180380344390869
seg_31c0f4,7.666356086730957
seg_31d763,5.5567145347595215
seg_31d7bf,4.4738030433654785
seg_31d810,6.390775680541992
seg_31ddc5,7.944864749908447
seg_3234ca,5.611660003662109
seg_324447,5.731797695159912
seg_324537,5.863649368286133
seg_325790,6.050608158111572
seg_326eb7,1.4569411277770996
seg_327ed4,1.9818583726882935
seg_32906d,2.7078866958618164
seg_32ad0f,8.792426109313965
seg_32c904,7.002430438995361
seg_32d747,3.143747329711914
seg_32e763,5.15798282623291
seg_32f3a9,4.504725933074951
seg_32f6df,6.3389892578125
seg_32f72d,4.938319683074951
seg_32fc4e,8.58708667755127
seg_330579,3.9646220207214355
seg_3319b5,5.646892547607422
seg_331f2b,8.184877395629883
seg_3340b9,0.42254143953323364
seg_335170,2.5426416397094727
seg_337b8c,3.3606202602386475
seg_339f80,5.3925557136535645
seg_33c30d,2.9263596534729004
seg_342ce6,7.696221351623535
seg_343571,5.253709316253662
seg_3452b2,3.090442419052124
seg_34a2b8,6.282232284545898
seg_34a8f7,7.765958309173584
seg_34abd2,1.4319863319396973
seg_34ef79,5.830442428588867
seg_3506d6,6.3160319328308105
seg_35269b,7.969174861907959
seg_355717,2.1950762271881104
seg_355d19,6.234908103942871
seg_35a2d7,8.649795532226562
seg_35b009,4.63325834274292
seg_35b753,6.269421577453613
seg_35ba8f,7.324062347412109
seg_35c587,6.089993000030518
seg_35dd45,8.760910987854004
seg_35ee83,2.4964499473571777
seg_36147d,1.746179223060608
seg_361f5a,8.019791603088379
seg_3631ec,6.1295318603515625
seg_3661de,8.037923812866211
seg_369570,6.673948287963867
seg_36b77f,6.761176109313965
seg_36e32d,8.682862281799316
seg_3706be,4.993091106414795
seg_373a04,5.371835708618164
seg_373ba6,4.242976188659668
seg_37608b,2.1737375259399414
seg_3761d0,0.05342705547809601
seg_37669c,6.442396640777588
seg_376908,9.260520891984925e-05
seg_377134,5.584700584411621
seg_3788c5,6.290771961212158
seg_37bf85,4.576226234436035
seg_37f3fb,0.21591079235076904
seg_38001b,0.30564984679222107
seg_383b6b,3.3244552612304688
seg_383f2e,5.660183429718018
seg_3865bc,2.5064868927001953
seg_3878d0,4.414366245269775
seg_389906,5.919997692108154
seg_38ad16,5.981675624847412
seg_38ee24,3.6078903675079346
seg_392019,6.543124675750732
seg_39300d,1.6479243040084839
seg_395e0e,6.157235145568848
seg_397983,6.525537014007568
seg_397dc9,7.207928657531738
seg_398a25,6.183443546295166
seg_39a886,5.857601165771484
seg_39ad50,3.5982705703929696e-10
seg_3a1600,4.49605131149292
seg_3a22ac,4.575275897979736
seg_3a80c5,5.209929943084717
seg_3a8a76,2.748318910598755
seg_3aca44,1.7770771980285645
seg_3adb1a,6.4184184074401855
seg_3ae4d9,1.9670764207839966
seg_3af649,1.2633321285247803
seg_3b2013,3.3388186331264474e-28
seg_3b30fd,6.082627773284912
seg_3b4414,1.4193652868270874
seg_3b7175,3.065903425216675
seg_3b7724,7.183180332183838
seg_3b95d2,7.64109992980957
seg_3b95dc,4.365349769592285
seg_3ba485,7.645723819732666
seg_3bb90a,6.279983997344971
seg_3bc9ed,5.505490303039551
seg_3bd97e,7.461802005767822
seg_3bf9ac,0.7053675055503845
seg_3bfcf6,6.2121663093566895
seg_3c3ddf,2.7120864391326904
seg_3c4106,2.5853829383850098
seg_3c64fb,5.034812927246094
seg_3c8545,6.234277248382568
seg_3cba49,6.371551513671875
seg_3cbccf,5.652419567108154
seg_3ce740,5.921874046325684
seg_3cfb73,8.39141845703125
seg_3d059a,4.75576639175415
seg_3d06cc,5.824915885925293
seg_3d19fc,5.441682815551758
seg_3d1cb3,4.367144584655762
seg_3d1f2e,6.220036506652832
seg_3d581c,0.12366919964551926
seg_3d6aac,5.698383331298828
seg_3d6e79,5.404506683349609
seg_3d9aa0,2.247731924057007
seg_3db0a8,4.619014739990234
seg_3e00cd,6.436872959136963
seg_3e55d5,4.953367233276367
seg_3e87b4,2.7830307214982792e-15
seg_3ec967,5.656400680541992
seg_3edf51,0.17566817998886108
seg_3f2086,6.063661098480225
seg_3f3689,2.515289545059204
seg_3f3983,7.856332778930664
seg_3f5be6,3.786957263946533
seg_3f80ef,6.934338569641113
seg_3f99c8,2.3754212856292725
seg_3fb24b,4.085618019104004
seg_3fc7ca,8.041221618652344
seg_3fdae0,5.245636940002441
seg_407b2b,5.829030513763428
seg_40b3aa,0.216582253575325
seg_40f810,7.05183744430542
seg_411225,4.37923002243042
seg_414d0f,5.4472174644470215
seg_4185b3,4.521472454071045
seg_419531,7.811344623565674
seg_419b2a,7.957324028015137
seg_41a267,2.496349334716797
seg_41aadc,5.626192569732666
seg_41ab7e,7.603439807891846
seg_41be18,7.800838947296143
seg_41be7d,4.178913116455078
seg_41f45e,6.105195045471191
seg_420bcc,5.34647274017334
seg_420d4e,8.348257064819336
seg_421a96,4.721251010894775
seg_421da1,6.152215480804443
seg_423ebe,2.865610122680664
seg_425462,3.913320779800415
seg_42648c,3.003754138946533
seg_4280d9,7.849083423614502
seg_428d66,3.1580049991607666
seg_42c4c9,6.059476375579834
seg_42e7e8,1.1983590126037598
seg_42ff14,6.898965835571289
seg_430e66,2.7070536613464355
seg_43383f,5.483363628387451
seg_434c96,2.773559808731079
seg_43597f,4.893741130828857
seg_43c6f4,7.440578937530518
seg_440106,7.0096564292907715
seg_4401d8,5.125518798828125
seg_441c6d,6.562859058380127
seg_4435bd,0.37531548738479614
seg_447972,6.184900760650635
seg_447b8b,7.478486061096191
seg_447cb3,8.904247283935547
seg_44d3ca,4.795875549316406
seg_455b16,2.7313380241394043
seg_456149,8.04156494140625
seg_457234,6.607784748077393
seg_45838b,6.719299793243408
seg_4587bb,7.162159442901611
seg_45a8a9,4.854113578796387
seg_45b051,1.6885566711425781
seg_45e062,7.962837219238281
seg_45e4ed,4.444809913635254
seg_45e7ad,0.5064110159873962
seg_46012e,7.525272369384766
seg_460436,7.311081886291504
seg_461ab5,0.31116554141044617
seg_461b63,5.54152774810791
seg_462c1d,7.954624652862549
seg_464839,7.431877136230469
seg_468bc9,7.783962726593018
seg_468fdb,7.142099380493164
seg_46a42b,5.435583591461182
seg_46b84d,6.2926859855651855
seg_46c6d3,8.656341552734375
seg_46dd7c,4.105952739715576
seg_4729a7,2.9740371704101562
seg_4743ab,7.286418437957764
seg_4743fa,8.2330904006958
seg_476700,4.9061150550842285
seg_476bdb,3.5454001426696777
seg_477c83,1.6103862524032593
seg_478327,6.0122904777526855
seg_47a48f,7.785158157348633
seg_47d374,3.9124605655670166
seg_47fed6,6.169274806976318
seg_482745,3.1309876441955566
seg_4848e3,4.416933536529541
seg_484901,3.70013165473938
seg_486973,3.7425243854522705
seg_48a4b3,5.48846960067749
seg_48a80c,0.1426817923784256
seg_48b545,7.2905802726745605
seg_48feba,4.660540580749512
seg_490092,6.531665325164795
seg_490d6e,4.725897312164307
seg_492dc6,5.423122406005859
seg_49322d,6.971990585327148
seg_49336f,3.517498016357422
seg_495573,6.061676502227783
seg_496d07,4.1758503913879395
seg_496dad,5.135928630828857
seg_49b0cb,7.9150824546813965
seg_49d84b,5.715023040771484
seg_49fdf0,7.663023948669434
seg_4a2525,7.925118446350098
seg_4a6096,2.5826497077941895
seg_4a719c,5.013650894165039
seg_4a91a9,3.7598814964294434
seg_4a9e6b,7.915002822875977
seg_4a9e8d,6.503721237182617
seg_4ab7bf,8.3029146194458
seg_4abc29,6.609830856323242
seg_4acc4b,5.612082481384277
seg_4ad5a2,6.698572158813477
seg_4ad674,5.201262950897217
seg_4adeda,5.789816379547119
seg_4ae37c,6.5624189376831055
seg_4ae712,8.372522354125977
seg_4b0839,2.7372241020202637
seg_4b4c91,6.7879228591918945
seg_4b4ffb,4.344003677368164
seg_4b8044,4.656867504119873
seg_4b953a,4.051660537719727
seg_4ba3d1,8.917510032653809
seg_4c067a,5.8269829750061035
seg_4c12b2,0.000126664963318035
seg_4c18e2,1.1389421224594116
seg_4c3a2b,3.8261160850524902
seg_4c4995,2.619791030883789
seg_4c65e6,8.196463584899902
seg_4c8db6,7.418346405029297
seg_4ca6de,7.1518425941467285
seg_4cb0d7,5.722666263580322
seg_4cb9c6,2.4182820320129395
seg_4ce234,5.364468574523926
seg_4d0008,5.584784030914307
seg_4d0041,6.508529186248779
seg_4d0c45,6.948722839355469
seg_4d18f4,0.17879046499729156
seg_4d2671,5.9793925285339355
seg_4d53c2,7.641995429992676
seg_4d5a4a,3.738100051879883
seg_4d7c56,2.383157730102539
seg_4d8f0f,3.11470890045166
seg_4db886,7.946195125579834
seg_4db997,4.4216227531433105
seg_4dbbd1,4.893233299255371
seg_4ddddc,4.837042808532715
seg_4dfa03,3.7812650203704834
seg_4e0c4a,8.179056167602539
seg_4e2c66,0.006200728006660938
seg_4e3bd7,1.3998068197906832e-06
seg_4e627b,2.8152823448181152
seg_4e9646,8.063300132751465
seg_4ea3fa,5.8726019859313965
seg_4ea81c,4.7012104988098145
seg_4eb127,0.04226535186171532
seg_4eeaef,1.7873708009719849
seg_4eef28,6.129063606262207
seg_4f48b4,2.969644069671631
seg_4f5931,7.80371618270874
seg_4f76a2,4.586231708526611
seg_4f83a3,6.563591480255127
seg_4fa87d,8.119319915771484
seg_4fce5b,1.5431339740753174
seg_4fd191,2.847914695739746
seg_500108,4.964578151702881
seg_5009d9,4.369334697723389
seg_500c80,6.236332893371582
seg_502fab,8.23470401763916
seg_507065,0.9462504982948303
seg_5090fa,6.417114734649658
seg_509d55,3.708193302154541
seg_50a667,1.8581669330596924
seg_50b048,6.5222978591918945
seg_50e270,6.000253200531006
seg_511d25,7.022691249847412
seg_512b3e,8.352314949035645
seg_514543,4.941423416137695
seg_5147e1,4.854143142700195
seg_514b85,7.013241767883301
seg_5165a4,5.487032890319824
seg_517345,6.496147632598877
seg_517425,2.4341797828674316
seg_51865e,4.864913463592529
seg_518b1e,0.21062928438186646
seg_51b68c,6.802550792694092
seg_51f0a2,4.492311477661133
seg_51f6fd,3.4655964374542236
seg_521a88,6.9007487297058105
seg_523945,0.4863937199115753
seg_524b39,7.061694622039795
seg_5254ce,7.549026966094971
seg_5255c0,7.31161642074585
seg_52636c,5.127654075622559
seg_529be4,5.176424980163574
seg_529c99,4.015711307525635
seg_52c139,7.088664531707764
seg_530a02,6.354128360748291
seg_53103b,2.742706537246704
seg_5311d1,1.7431477308273315
seg_533613,7.407446384429932
seg_53498a,3.8221383094787598
seg_53a557,4.471364974975586
seg_53a5fd,5.959988594055176
seg_53bdf5,5.598752021789551
seg_53caf1,7.588988780975342
seg_53d818,2.167248010635376
seg_53e645,6.748526573181152
seg_53fa13,2.4300434589385986
seg_5407b0,4.765402317047119
seg_5445bc,4.207383155822754
seg_54490e,5.327546119689941
seg_545fda,8.766397476196289
seg_5467c8,6.430898189544678
seg_546864,7.18453311920166
seg_5470ca,1.9313938617706299
seg_5495ca,0.4683910310268402
seg_54af0d,0.0002596390841063112
seg_54b0ee,5.155174732208252
seg_54d0f3,5.472468852996826
seg_55239a,5.49647331237793
seg_552b8e,8.38176441192627
seg_5559d9,2.83061146736145
seg_555f63,5.099603652954102
seg_5597ed,3.683777093887329
seg_55a0c3,4.224798202514648
seg_55a9a4,7.748800754547119
seg_55b566,0.9498862028121948
seg_55d50b,2.279818058013916
seg_561cf4,5.425772087619407e-06
seg_563059,5.610084533691406
seg_5639b3,5.64677619934082
seg_566efe,8.249988555908203
seg_56e3e7,8.551604270935059
seg_56e6f1,4.261077404022217
seg_56ebc7,5.78367805480957
seg_570a20,3.4239253997802734
seg_570d69,7.556365966796875
seg_572172,6.645547866821289
seg_5759c9,6.965092182159424
seg_5765b6,7.233285427093506
seg_578e84,7.737226963043213
seg_57908c,4.195290565490723
seg_57b6c0,2.811969041824341
seg_57dd68,5.9855756759643555
seg_57ea44,0.24016086757183075
seg_580b65,3.0890953540802
seg_581fac,2.693308115005493
seg_585872,7.342401504516602
seg_586726,6.218247890472412
seg_586c0f,0.8209704160690308
seg_5887a8,6.436903476715088
seg_588f61,2.1339199542999268
seg_58d52d,8.036720275878906
seg_58e74b,0.00017471893806941807
seg_58e9f9,7.525449275970459
seg_58ea74,7.502169609069824
seg_59058a,0.5038949251174927
seg_590fa5,5.1112895011901855
seg_591954,7.772082328796387
seg_5924f5,7.244367599487305
seg_592807,6.147655487060547
seg_593c34,2.0671451091766357
seg_5965d8,2.750316619873047
seg_596ae3,5.768617153167725
seg_5975f4,5.388976573944092
seg_597bd6,4.736538887023926
seg_59818b,7.330600261688232
seg_59cd7d,2.4692676067352295
seg_59cfdb,8.34598445892334
seg_59d484,4.171000003814697
seg_59de0b,5.480120658874512
seg_59e1db,6.9508161544799805
seg_59eb97,4.427576065063477
seg_5a0479,5.081464767456055
seg_5a1adb,2.8188250064849854
seg_5a242e,7.457892417907715
seg_5a67b5,6.290741920471191
seg_5a947e,0.8292672038078308
seg_5abfdd,7.28663444519043
seg_5ad847,2.4380428791046143
seg_5b392b,4.887698173522949
seg_5b7325,6.316956043243408
seg_5b8c39,5.2171502113342285
seg_5bc0b0,6.551900386810303
seg_5bd9ae,3.3787474632263184
seg_5bdb47,6.091236114501953
seg_5bfbf0,4.328601837158203
seg_5c0929,2.5978305339813232
seg_5c1a4d,2.6373798847198486
seg_5c530f,6.367115020751953
seg_5c57a8,2.224376759174529e-11
seg_5c8ae5,3.9615283012390137
seg_5c9077,7.695690155029297
seg_5cd98b,1.9678109884262085
seg_5cde88,1.6734952926635742
seg_5cfba9,6.75004768371582
seg_5cfdc4,5.462082862854004
seg_5d333e,6.722660064697266
seg_5d45db,7.2231831550598145
seg_5d92af,7.351994037628174
seg_5d94b2,4.832356929779053
seg_5e020f,6.028668403625488
seg_5e0902,0.32237550616264343
seg_5e1bba,5.820150375366211
seg_5e541f,0.2770092189311981
seg_5e635a,2.800736427307129
seg_5e668a,6.440240859985352
seg_5e70a7,7.514196395874023
seg_5e7abf,5.49864387512207
seg_5e8ef4,6.840006351470947
seg_5eb380,4.465646743774414
seg_5ec0e3,6.132128715515137
seg_5ed47e,7.167112827301025
seg_5ef47e,5.823631286621094
seg_5f0a92,4.6968488693237305
seg_5f24d3,4.540771007537842
seg_5f352e,4.408810615539551
seg_5f355e,6.985456466674805
seg_5f46a5,3.9515206813812256
seg_5f7fd9,2.7975592613220215
seg_5fe414,2.6796538829803467
seg_60277f,5.024058818817139
seg_6074f9,1.685821533203125
seg_607559,6.984131813049316
seg_60ab20,7.183077335357666
seg_60b696,7.2491631507873535
seg_60dacd,8.827787399291992
seg_60df2a,5.659190654754639
seg_610379,5.62705135345459
seg_61219c,4.4759087562561035
seg_613702,1.0372506380081177
seg_614b50,0.5008718371391296
seg_6153ca,8.642789840698242
seg_6167f0,8.25426197052002
seg_616c8b,7.748836040496826
seg_61b50d,1.9128484725952148
seg_61f504,2.900892734527588
seg_620ee4,6.293089389801025
seg_622e9d,1.0212678909301758
seg_62331a,3.143347978591919
seg_6262c4,5.558496952056885
seg_629822,2.8799045085906982
seg_62a403,7.862137794494629
seg_62c582,2.560572862625122
seg_63130f,7.37475061416626
seg_633651,4.470221996307373
seg_634180,6.348470687866211
seg_634f05,3.3595473766326904
seg_635770,6.50886869430542
seg_63582a,8.302726745605469
seg_63c13d,5.280281066894531
seg_63c518,3.8993852138519287
seg_63c8e4,8.915118217468262
seg_63c983,4.589141845703125
seg_63c9a3,5.533052444458008
seg_63d651,5.526437759399414
seg_6422d1,7.053494453430176
seg_643d1f,5.424514293670654
seg_643f86,6.531943321228027
seg_64bcb9,7.714791297912598
seg_64be5d,7.1387434005737305
seg_64be91,4.379659175872803
seg_64daae,4.422683238983154
seg_64dcf0,7.772283554077148
seg_64f8dc,3.7357265949249268
seg_650de2,0.21092060208320618
seg_651808,3.0152735710144043
seg_652cc2,3.2509524822235107
seg_655780,4.402968406677246
seg_655ad6,7.665554523468018
seg_655cae,1.1273505687713623
seg_658bf4,1.0073634386062622
seg_659ff8,4.735975742340088
seg_65b962,6.21142578125
seg_65c4e1,2.017122268676758
seg_65ef95,4.668990135192871
seg_65f01e,6.9758830070495605
seg_65fbac,6.546309947967529
seg_660fe1,1.2505935430526733
seg_660fef,5.97441291809082
seg_661629,3.759190320968628
seg_666056,7.495439529418945
seg_6681ee,0.5106805562973022
seg_66820a,4.011612892150879
seg_6696d0,2.8839614391326904
seg_66b7c3,7.138820171356201
seg_66e45a,4.005301475524902
seg_66ed4d,0.006426548585295677
seg_670bde,0.44444039463996887
seg_67330f,4.3299665451049805
seg_673c60,4.4916815757751465
seg_67599b,5.400168418884277
seg_679dd2,7.41779088973999
seg_67aa76,4.932251930236816
seg_68102c,8.48531436920166
seg_683ddf,6.7407379150390625
seg_686edc,4.720190525054932
seg_687a5c,3.7998290061950684
seg_68a484,8.044273376464844
seg_68da94,5.388035297393799
seg_691a72,6.762720108032227
seg_692e7a,6.169595718383789
seg_6951e0,5.0999755859375
seg_695380,1.257476806640625
seg_696621,6.080060958862305
seg_6968c8,5.194627285003662
seg_69787a,8.589316368103027
seg_69a230,4.298905372619629
seg_69a53e,6.905619144439697
seg_69dbad,7.3172125816345215
seg_6a05e7,5.112950801849365
seg_6a116b,5.190439701080322
seg_6a26de,1.7707599401474
seg_6a45a0,5.257180690765381
seg_6a4ad1,4.413763999938965
seg_6ab188,6.7308454513549805
seg_6ac67a,3.829022169113159
seg_6ac82a,2.489610433578491
seg_6ae32d,2.4334604740142822
seg_6b0107,6.633718967437744
seg_6b2ce0,5.777823448181152
seg_6b3a9d,1.9061611890792847
seg_6b4e04,8.04851245880127
seg_6b536d,4.033872604370117
seg_6b9511,6.567651271820068
seg_6b9d02,5.033275127410889
seg_6be48e,2.890610933303833
seg_6c292b,5.693964004516602
seg_6c309f,4.868245601654053
seg_6c34c2,2.5356569290161133
seg_6c8a45,5.326292514801025
seg_6c909f,4.446322441101074
seg_6cfb76,4.260704040527344
seg_6d01a3,6.745798587799072
seg_6d35cd,3.269327163696289
seg_6d36a1,6.88629674911499
seg_6d4109,4.328631401062012
seg_6d4fa6,5.676575660705566
seg_6d6fad,3.906377077102661
seg_6da1ff,6.482429027557373
seg_6dac5d,7.9385809898376465
seg_6dd0fc,2.894606113433838
seg_6de4fd,8.359434127807617
seg_6de935,8.066937446594238
seg_6df48e,5.80717134475708
seg_6dfab7,2.9330015182495117
seg_6e12ae,5.219910144805908
seg_6e12ee,2.485771656036377
seg_6e1ee7,3.736513376235962
seg_6e572a,1.5643163919448853
seg_6e5a38,0.05665298178792
seg_6e7f73,7.129946231842041
seg_6e98aa,6.261425971984863
seg_6eb146,8.156859397888184
seg_6ed49a,6.800143241882324
seg_6edcb8,2.722256898880005
seg_6eedcc,8.242351531982422
seg_6f17de,7.217348320409656e-05
seg_6f2222,0.14358897507190704
seg_6f3d90,5.966142177581787
seg_6f60b2,1.7953543663024902
seg_6f650f,7.87760591506958
seg_6f9a98,6.84223747253418
seg_6fb17f,5.5390543937683105
seg_6fc3ef,6.994758605957031
seg_6fc8b3,5.778535842895508
seg_6fd5bb,4.849286079406738
seg_7012af,7.759568691253662
seg_7020c5,7.6828813552856445
seg_702e03,6.406194686889648
seg_703cea,5.705783843994141
seg_705463,4.938952445983887
seg_708349,6.125036716461182
seg_70991d,4.874847888946533
seg_709b6a,6.733717918395996
seg_709d08,6.287175178527832
seg_70a60e,5.022178649902344
seg_70b375,4.228477954864502
seg_70be4d,7.401713848114014
seg_70e891,4.746175289154053
seg_70edf5,6.274064064025879
seg_70fb30,8.015132904052734
seg_7120ac,6.118336200714111
seg_71238c,8.013888359069824
seg_71348a,0.0002650366513989866
seg_715e2c,5.668877124786377
seg_715ff6,6.407610893249512
seg_7189ca,6.765900611877441
seg_718b53,2.8490049839019775
seg_71936f,2.48600435256958
seg_71b4e0,5.000098705291748
seg_71b975,2.9710700511932373
seg_71c9e9,2.7779643535614014
seg_71f571,6.796135425567627
seg_7211f1,3.360508918762207
seg_724df9,0.0
seg_725772,6.719404697418213
seg_725e84,4.355041027069092
seg_727fc7,4.968699932098389
seg_72858d,2.5247254598070867e-05
seg_72859b,5.906791687011719
seg_72aba8,6.617659091949463
seg_72b68c,7.4358344078063965
seg_72c307,5.066547393798828
seg_72ebda,7.314059734344482
seg_72f40a,7.444312572479248
seg_730ebe,4.017207145690918
seg_734a88,6.9718017578125
seg_73565e,4.1774773597717285
seg_735cdd,5.409570217132568
seg_73858d,7.291768550872803
seg_738be6,3.775294542312622
seg_739643,6.331449508666992
seg_739679,2.7713098526000977
seg_739856,8.090394973754883
seg_739fb0,3.9462809562683105
seg_73ab4a,2.475918769836426
seg_73b0f7,5.627159118652344
seg_740837,5.967395305633545
seg_741fc1,7.08263635635376
seg_74235f,3.656451940536499
seg_7428e7,7.510291576385498
seg_743775,6.868188381195068
seg_74537f,4.538975715637207
seg_746d1d,6.135857105255127
seg_7480f4,7.381400108337402
seg_74b264,3.826334238052368
seg_74b3bd,5.921724796295166
seg_74ce61,7.235239028930664
seg_74d58a,7.562925338745117
seg_74d8cc,6.663357257843018
seg_74dda9,7.584012031555176
seg_74f330,2.1707763671875
seg_74fcfc,8.86661434173584
seg_74ffde,5.636621475219727
seg_750244,6.905420780181885
seg_750c93,3.5041277408599854
seg_750d20,6.889319896697998
seg_750e7e,5.637991905212402
seg_75211e,2.2040061950683594
seg_753190,7.618916034698486
seg_753ba6,2.2218847274780273
seg_7540f3,4.900630474090576
seg_75438e,5.932427883148193
seg_755d50,3.511206865310669
seg_75654d,3.5783774852752686
seg_758374,1.6473829746246338
seg_758ca4,2.5605530738830566
seg_759fb1,6.914942264556885
seg_75a878,4.359480381011963
seg_75c34b,1.534087896347046
seg_75cd6a,4.9635515213012695
seg_75dc3e,3.5762546062469482
seg_75e669,0.8272063136100769
seg_75e93c,1.7211530208587646
seg_75eb90,6.89713191986084
seg_75ffc9,7.566577911376953
seg_760d70,4.587134838104248
seg_76106f,8.182955741882324
seg_762188,7.88104248046875
seg_762be4,4.83205509185791
seg_7630c5,8.46992301940918
seg_766e42,2.6266214847564697
seg_76b76f,7.2526350021362305
seg_76c2fa,3.349623918533325
seg_76d16c,6.892168045043945
seg_76e914,3.02569580078125
seg_76f1af,4.947882175445557
seg_76f3f2,7.595538139343262
seg_76f76d,3.6751959323883057
seg_774ad2,4.5021891593933105
seg_77bf79,1.0591081380844116
seg_77c546,3.743560791015625
seg_77db7b,6.837796211242676
seg_77dbe7,5.836436748504639
seg_77df38,6.821821689605713
seg_77e7bf,3.9304864406585693
seg_77ea14,4.3408050537109375
seg_77f9e3,1.3616054058074951
seg_77fe77,6.425121784210205
seg_7848f8,0.0
seg_7862ed,6.421964645385742
seg_786ff6,7.28730583190918
seg_78852d,7.17085599899292
seg_78addc,8.130217552185059
seg_78d817,4.903578281402588
seg_78db0a,6.0355939865112305
seg_78ded2,4.954898357391357
seg_78fc4b,6.030767440795898
seg_790108,7.709967613220215
seg_7949da,3.9452457427978516
seg_79c47a,2.447418451309204
seg_79dc90,5.026220321655273
seg_79e301,5.845986366271973
seg_7a09ec,3.0134780406951904
seg_7a521c,4.70898962020874
seg_7a5243,6.8309712409973145
seg_7a9228,4.530215263366699
seg_7a9f2b,0.0
seg_7aeca4,6.304530143737793
seg_7b0936,7.94286584854126
seg_7b2994,4.880450248718262
seg_7b3017,4.989137172698975
seg_7b5f90,7.27302360534668
seg_7bb771,5.434422492980957
seg_7bec10,7.415801525115967
seg_7bf143,2.81730055809021
seg_7c0376,0.003669458208605647
seg_7c10c1,4.876677989959717
seg_7c2beb,5.83986759185791
seg_7c2c48,4.210300445556641
seg_7c6c31,6.219544887542725
seg_7c88d1,0.009028535336256027
seg_7c9433,7.490378379821777
seg_7cb417,5.840969562530518
seg_7cbb45,4.6510443687438965
seg_7cd6b1,3.936908483505249
seg_7cdfe5,3.902677059173584
seg_7ce9cb,5.801046848297119
seg_7cef95,6.296079158782959
seg_7d17eb,6.92077112197876
seg_7d2535,1.5330921411514282
seg_7d2e57,7.868387699127197
seg_7d65c7,7.022112846374512
seg_7d718e,7.4089674949646
seg_7d88e3,6.92250919342041
seg_7d994f,0.5329569578170776
seg_7ddc30,5.278483867645264
seg_7df3dd,6.187157154083252
seg_7e3b3e,5.052874565124512
seg_7e9eb7,7.986664772033691
seg_7eb108,7.956249237060547
seg_7ebdc3,6.334702491760254
seg_7ed2dd,2.6663427352905273
seg_7ef97b,1.6754828691482544
seg_7efdd5,5.350922107696533
seg_7f3ab0,6.752099514007568
seg_7f5b6f,6.919236660003662
seg_7f786b,5.341305255889893
seg_7f93b2,1.8345940113067627
seg_7f9b3a,6.298859119415283
seg_7fa6ec,0.0
seg_7fac26,6.645931243896484
seg_7fd3a3,5.440744876861572
seg_7fd6b7,7.961263656616211
seg_80211c,8.566450119018555
seg_804fb5,6.545414924621582
seg_80622d,7.316590309143066
seg_807901,5.249883651733398
seg_80b9b4,7.143592357635498
seg_80fb86,4.857155799865723
seg_812962,5.496058940887451
seg_812a50,7.683411121368408
seg_813aab,2.461545467376709
seg_814b1f,0.280939519405365
seg_816b7a,5.560750484466553
seg_818382,2.9748778343200684
seg_81a8ea,7.559125900268555
seg_81bebd,7.217053413391113
seg_81c1a6,7.919323921203613
seg_81c432,5.157532215118408
seg_81f798,4.220372200012207
seg_8200d2,0.2322818785905838
seg_82303e,1.036033272743225
seg_82316b,0.0752120167016983
seg_8244bf,5.268651008605957
seg_82456a,1.0457408376740585e-11
seg_826208,5.633001327514648
seg_827804,6.47060489654541
seg_827a21,5.49181604385376
seg_827c07,2.482483386993408
seg_82c138,5.930236339569092
seg_82ce27,4.331455230712891
seg_82d7b6,3.997258186340332
seg_830cff,5.067587375640869
seg_8310ea,7.358433723449707
seg_8324a4,7.671524524688721
seg_8328f5,3.86360239982605
seg_832a4d,5.134836673736572
seg_8344ee,3.885236978530884
seg_8353f5,5.650017738342285
seg_836aac,2.444655179977417
seg_836ef0,4.052161693572998
seg_83bef8,4.351734638214111
seg_83cb2c,2.745410203933716
seg_83dc2e,8.310389518737793
seg_83ef67,6.765772819519043
seg_83f476,2.138483762741089
seg_83f89e,5.970137596130371
seg_83f928,7.694190502166748
seg_8456d3,6.079395771026611
seg_845a2a,6.5919599533081055
seg_8472f3,7.188336372375488
seg_848695,3.5720393657684326
seg_84a65d,6.746669769287109
seg_84b9d9,4.4044013023376465
seg_84c7fb,5.205526828765869
seg_84fc12,7.792517185211182
seg_8509db,7.125838279724121
seg_850d95,2.9352073669433594
seg_8515fd,3.966438055038452
seg_853302,6.91697359085083
seg_854d91,7.420624732971191
seg_857304,0.6866275072097778
seg_85762d,5.635292053222656
seg_8599ec,2.2048628330230713
seg_85c1c0,5.869284152984619
seg_85e90e,6.931695461273193
seg_85e9c6,5.98460578918457
seg_85fb0a,1.9820281267166138
seg_864fcf,1.8299992084503174
seg_8658b3,7.332921028137207
seg_86720f,6.892213821411133
seg_8681aa,7.058300018310547
seg_86892f,0.011498973704874516
seg_868c85,5.364169120788574
seg_86cfe9,5.251956462860107
seg_86d847,6.457167625427246
seg_86e874,4.7251057624816895
seg_87232d,5.592983722686768
seg_876904,7.48344612121582
seg_8773cf,2.1483120918273926
seg_8777bd,8.72524642944336
seg_8785e2,6.413423538208008
seg_878d2c,6.434891223907471
seg_87a616,3.909268617630005
seg_87a67a,6.341438293457031
seg_87e4e8,9.646990983824821e-10
seg_87f6c8,7.615833759307861
seg_8826f4,3.032409429550171
seg_885f53,7.222394943237305
seg_8866f0,4.175313949584961
seg_88a81d,4.274447917938232
seg_88b289,6.451572895050049
seg_890181,7.013908863067627
seg_89791c,4.291081428527832
seg_89885a,2.5397884845733643
seg_899bf0,5.472754955291748
seg_89b090,1.3781765699386597
seg_89d8a0,6.7636799812316895
seg_89e207,3.8669965267181396
seg_89eed6,5.222079753875732
seg_89f975,0.03677678108215332
seg_8a3306,2.848945140838623
seg_8a41bf,4.129437446594238
seg_8a6b0e,3.538292169570923
seg_8a7201,3.987393856048584
seg_8a8220,3.003877878189087
seg_8a8375,6.086112022399902
seg_8ab3a7,0.010783355683088303
seg_8ae847,6.627401351928711
seg_8aeb99,6.5620646476745605
seg_8b39c4,6.93989896774292
seg_8b798b,8.125364303588867
seg_8baeab,3.744875907897949
seg_8bc20c,0.16377907991409302
seg_8bde47,4.971523761749268
seg_8be2da,5.021941184997559
seg_8be76c,1.0036440471594688e-05
seg_8bec6f,7.018886089324951
seg_8bf229,5.526392459869385
seg_8c0114,5.796939849853516
seg_8c1760,6.029674053192139
seg_8c1cca,2.1355013847351074
seg_8c1e7d,6.263851642608643
seg_8c341c,7.789931297302246
seg_8c6d4e,1.6805089712142944
seg_8c6e34,5.781721115112305
seg_8cd159,2.3834831714630127
seg_8cdf83,4.312274932861328
seg_8ce632,2.7534518241882324
seg_8cf573,6.22852897644043
seg_8d030a,6.753659725189209
seg_8d135f,7.870245933532715
seg_8d3a9d,7.236788272857666
seg_8d4435,5.76770544052124
seg_8d4965,4.069442272186279
seg_8d5113,3.223750114440918
seg_8d6578,5.69263219833374
seg_8d6a7d,5.333651542663574
seg_8da61a,8.083789825439453
seg_8db6f0,6.733646869659424
seg_8dcf3c,6.921644687652588
seg_8dd2ab,2.3993029594421387
seg_8dd3ba,3.400294780731201
seg_8dfc7e,0.011182225309312344
seg_8dfd7a,3.282398797210817e-10
seg_8e5704,7.494017601013184
seg_8e6a3f,6.642879962921143
seg_8e7194,5.092304229736328
seg_8e7fca,5.984741687774658
seg_8ebdea,6.347860336303711
seg_8f1127,1.074518084526062
seg_8f25b0,7.644551753997803
seg_8f3247,5.568785190582275
seg_8f3dfe,6.798315048217773
seg_8f4654,5.6381516456604
seg_8f4781,4.510197162628174
seg_8f5589,7.048476696014404
seg_8f592b,6.910355091094971
seg_8f6284,3.2585244178771973
seg_8fb0d0,5.423220634460449
seg_8fb29e,5.756773948669434
seg_8fb828,7.223704814910889
seg_8fc754,7.202661514282227
seg_8fd465,2.776789665222168
seg_902074,5.70073938369751
seg_902bc1,5.2844977378845215
seg_903aba,7.937946319580078
seg_907c52,2.425703763961792
seg_90a0be,2.1900947093963623
seg_90b174,1.874881806315374e-34
seg_90bf60,7.182940483093262
seg_90c258,7.28341817855835
seg_90e904,5.206220626831055
seg_90ec68,3.3003313541412354
seg_90ef18,8.453598976135254
seg_911066,0.5207974314689636
seg_9122aa,2.550912618637085
seg_913ffc,6.062432289123535
seg_914a62,3.1554510593414307
seg_91596c,8.299993515014648
seg_915b3e,5.085987091064453
seg_91607c,4.313889503479004
seg_919a6a,2.3591136932373047
seg_919c5c,4.483205795288086
seg_91bf8c,2.3363232612609863
seg_91cff2,2.389375686645508
seg_91eaeb,7.242274284362793
seg_91f512,1.7869890928268433
seg_91f664,4.753557205200195
seg_91fc29,2.2924413681030273
seg_920132,7.688977241516113
seg_92092a,6.572231769561768
seg_922914,4.148993492126465
seg_922990,5.793278694152832
seg_92310f,5.163578510284424
seg_929ded,4.569399356842041
seg_92a5f1,3.7913851737976074
seg_92af10,7.566498756408691
seg_92b095,0.00624151760712266
seg_92bd37,5.56737756729126
seg_92be9f,3.8478050231933594
seg_931244,8.021270751953125
seg_93211c,6.796160697937012
seg_932828,8.036788940429688
seg_934087,3.3434996604919434
seg_939f5c,5.882652282714844
seg_93d864,1.0451825857162476
seg_93f935,3.111900806427002
seg_941759,7.695151329040527
seg_943de0,7.398077011108398
seg_944c98,1.0571848154067993
seg_945bc8,2.5998458862304688
seg_946d71,7.742676258087158
seg_946d9a,2.6390535831451416
seg_947700,4.999118328094482
seg_9485c0,6.612734794616699
seg_94a133,6.978851795196533
seg_94aa0a,5.7482008934021
seg_94c48c,6.566793918609619
seg_94d150,3.68532133102417
seg_94d573,5.64617919921875
seg_94ecad,7.63170862197876
seg_950048,5.879754543304443
seg_952faa,4.346407890319824
seg_95357d,4.436481952667236
seg_95644e,6.262140274047852
seg_957ece,3.3367583751678467
seg_95b321,4.185257911682129
seg_95f45e,4.634603977203369
seg_961d02,0.5769162774085999
seg_961ddf,4.2231974601745605
seg_9626a4,3.2433910369873047
seg_96642e,6.101099014282227
seg_966f3d,4.2359938621521
seg_967ae4,6.2314982414245605
seg_96cd5d,3.9058849811553955
seg_96dab2,5.018595218658447
seg_96db5e,5.892355442047119
seg_96fa35,0.5080568790435791
seg_970b35,5.229524612426758
seg_970e86,7.579720497131348
seg_974049,1.5098029375076294
seg_9757ac,5.077940940856934
seg_979a8f,1.9887467622756958
seg_97a161,5.294519901275635
seg_97ad82,7.01265811920166
seg_97d9ed,8.232946395874023
seg_97e4a9,8.251301765441895
seg_9802c3,5.072193145751953
seg_9825e0,7.72399377822876
seg_983778,7.555647850036621
seg_986976,2.767692804336548
seg_986b6e,8.356461524963379
seg_9872f9,3.2971673011779785
seg_988e69,0.09801092743873596
seg_98a819,5.614311695098877
seg_98be13,6.293487548828125
seg_98c0b6,2.7810795307159424
seg_98c44d,4.765976428985596
seg_98c544,6.972079277038574
seg_98ebaa,6.915750980377197
seg_98f624,8.240435600280762
seg_9940e8,6.76999568939209
seg_996c37,7.674391269683838
seg_99ccbd,1.2613377571105957
seg_99f677,4.485711574554443
seg_99f76c,1.5769182443618774
seg_9a1a4f,3.6425294876098633
seg_9a1c76,6.971834182739258
seg_9a43ef,7.63704776763916
seg_9a6025,6.306628704071045
seg_9a74d8,7.1851959228515625
seg_9a7c46,4.830935001373291
seg_9a7d1d,3.7184436321258545
seg_9a812d,6.898258686065674
seg_9a81a3,6.549603462219238
seg_9a8a1f,6.310497283935547
seg_9a9041,6.41937255859375
seg_9a92db,5.319051742553711
seg_9aa6e2,3.095836639404297
seg_9ab405,3.0758752822875977
seg_9ad261,5.934074878692627
seg_9ad925,6.68593692779541
seg_9ae1a1,8.490815162658691
seg_9b0439,5.208441257476807
seg_9b44d2,8.82071590423584
seg_9b7ef8,6.431680679321289
seg_9b7f93,5.651474475860596
seg_9bab11,8.19683837890625
seg_9bd388,7.455985069274902
seg_9bee43,1.932386875152588
seg_9c00d7,5.830847263336182
seg_9c090f,0.0792144387960434
seg_9c2843,4.493560791015625
seg_9c3d6a,8.445202827453613
seg_9c3ef8,5.622303009033203
seg_9c635d,8.012221336364746
seg_9c6715,0.0015148777747526765
seg_9c8162,6.538583755493164
seg_9c8bc8,5.3629937171936035
seg_9ca72e,3.299959421157837
seg_9caf50,5.408770561218262
seg_9cb464,5.267513751983643
seg_9d1b26,6.063885688781738
seg_9d1dbe,7.108922481536865
seg_9d2528,6.519903182983398
seg_9d3013,7.8743062019348145
seg_9d452d,2.7571606636047363
seg_9d57a1,8.34626579284668
seg_9d68cf,3.970883369445801
seg_9d6ff0,4.4143195152282715
seg_9d7490,3.401041030883789
seg_9d79d4,4.846911907196045
seg_9dcae1,6.091312408447266
seg_9ddc99,5.732717514038086
seg_9dea8d,5.519412517547607
seg_9df32d,4.165461540222168
seg_9e25e9,3.613198757171631
seg_9e3837,4.057878017425537
seg_9e61da,4.641330242156982
seg_9e7dff,6.647219181060791
seg_9e8323,0.8409868478775024
seg_9e8ca4,5.301753044128418
seg_9e962b,6.915826320648193
seg_9ee0aa,2.5758132934570312
seg_9f042e,7.066500186920166
seg_9f12c6,5.061142444610596
seg_9f22a0,7.2995758056640625
seg_9f4fd4,6.584843635559082
seg_9f57c4,4.9174041748046875
seg_9f6315,0.8760421872138977
seg_9f7542,7.467098712921143
seg_9fc7c2,0.00043757815728895366
seg_9fd9b8,1.198384165763855
seg_9fe8b9,6.512120246887207
seg_a00985,2.6254444122314453
seg_a009e6,4.496129512786865
seg_a03e6a,2.9388234615325928
seg_a05c22,2.332073211669922
seg_a06228,5.560743808746338
seg_a0646a,4.315345287322998
seg_a0979e,7.220676422119141
seg_a0a423,5.695269584655762
seg_a11dd5,5.1437296867370605
seg_a12acb,5.395569801330566
seg_a133bc,4.5872578620910645
seg_a14212,4.180165767669678
seg_a16a1b,6.367860794067383
seg_a173d8,7.416650295257568
seg_a18246,6.713608741760254
seg_a1a511,0.002798665314912796
seg_a1acb2,6.808094501495361
seg_a1b3cc,5.121586799621582
seg_a1d8da,2.6998395919799805
seg_a1e5b0,7.411937236785889
seg_a1edc1,2.6290197372436523
seg_a247ac,4.24671745300293
seg_a25c46,3.1744444370269775
seg_a2986f,6.564011096954346
seg_a2c108,8.026407241821289
seg_a2d47d,3.9365222454071045
seg_a2e2c8,5.0534467697143555
seg_a2fd8b,6.118751049041748
seg_a31d6e,6.8928070068359375
seg_a31fe3,7.034801483154297
seg_a35c82,6.605411052703857
seg_a35e7c,8.431946754455566
seg_a39ebc,1.9229906797409058
seg_a39f3b,4.280727386474609
seg_a39fa8,5.992877006530762
seg_a3ab46,6.638303279876709
seg_a3d4d6,1.653671145439148
seg_a41c2c,5.580888271331787
seg_a4208a,6.828961372375488
seg_a420d4,1.8642306327819824
seg_a436bc,6.778904438018799
seg_a437cb,3.5268478393554688
seg_a45455,4.814524173736572
seg_a47cce,6.443261623382568
seg_a489e1,6.0077104568481445
seg_a49ccc,4.816749095916748
seg_a4ad7c,8.15887451171875
seg_a4e745,5.767185688018799
seg_a50d28,6.9830641746521
seg_a5271e,1.2854043245315552
seg_a53e4c,6.036574363708496
seg_a543e5,8.524171829223633
seg_a55540,7.317076683044434
seg_a55a17,0.16551850736141205
seg_a56c04,1.8363093137741089
seg_a58a6e,4.032909870147705
seg_a5934a,6.870940685272217
seg_a5d37f,3.6357014179229736
seg_a5dea6,6.899525165557861
seg_a5f4dd,4.881031036376953
seg_a5fbcc,5.233198165893555
seg_a61e1c,5.673188209533691
seg_a63573,7.0333251953125
seg_a674d2,5.910123825073242
seg_a68007,1.23256516456604
seg_a68ffb,7.280343532562256
seg_a69246,7.87467622756958
seg_a6959c,6.532547950744629
seg_a6bf91,6.472744464874268
seg_a6c5cc,1.0437209606170654
seg_a6cd86,4.72368860244751
seg_a6e801,6.622159708058462e-05
seg_a6e99c,5.725790023803711
seg_a6eed3,1.756080985069275
seg_a704ee,6.105449676513672
seg_a7561c,3.2561233043670654
seg_a7b454,2.5438969135284424
seg_a7d0eb,3.5326671600341797
seg_a7e49b,5.727110862731934
seg_a80123,5.666106700897217
seg_a802fa,7.555816650390625
seg_a80f6f,6.125676155090332
seg_a82229,6.903924942016602
seg_a84c13,2.677806854248047
seg_a86231,5.847613334655762
seg_a8685e,6.411853790283203
seg_a86a05,6.47578763961792
seg_a87e79,2.889408588409424
seg_a88097,7.017011642456055
seg_a88dde,5.986035346984863
seg_a8bb2f,5.553391933441162
seg_a8ddf7,2.4359054565429688
seg_a8e6df,4.475255012512207
seg_a8e71a,4.863317966461182
seg_a9089b,6.598397703783121e-06
seg_a91c03,8.052604675292969
seg_a93a88,7.606594562530518
seg_a96b47,2.2869415283203125
seg_a975df,1.7016223669052124
seg_a99161,4.14423942565918
seg_a99799,4.341145992279053
seg_a99be9,8.013246536254883
seg_a9a820,2.419524908065796
seg_a9b957,4.992362976074219
seg_a9f80e,5.646949291229248
seg_aa0180,4.493165493011475
seg_aa1adf,6.371696472167969
seg_aa508a,0.3957556486129761
seg_aa78e0,5.202648639678955
seg_aa7a4b,6.1563873291015625
seg_aa98cc,0.0
seg_aa9b8e,3.9266934394836426
seg_aaa2ae,1.5396455526351929
seg_aabc52,7.992523670196533
seg_aae025,7.926259994506836
seg_ab001b,4.966639995574951
seg_ab15ad,5.787676811218262
seg_ab2a78,3.6798548698425293
seg_ab3f14,6.81643533706665
seg_ab4bca,3.7203938961029053
seg_ab644e,3.7619354724884033
seg_ab70bd,5.330499649047852
seg_ab9654,7.358911991119385
seg_aba501,6.499873161315918
seg_abaad2,5.676956653594971
seg_abb03a,5.025883674621582
seg_abb06a,6.679354190826416
seg_abc5fd,7.799275875091553
seg_abda04,6.429614067077637
seg_abeca6,7.299892902374268
seg_ac45ae,6.5777106285095215
seg_ac5c61,7.553570747375488
seg_ac68bb,5.6762495040893555
seg_ac9de5,6.225876331329346
seg_acd715,8.078828811645508
seg_acf2f4,7.325094223022461
seg_ad3a44,3.1384057998657227
seg_ad3cf0,0.3487207889556885
seg_ad591c,4.511061668395996
seg_ad759c,0.694197416305542
seg_ad82ca,6.641530990600586
seg_ad949a,2.945206642150879
seg_ada42c,2.7011780738830566
seg_ada81a,7.3009419441223145
seg_ade769,7.236022472381592
seg_adf94a,3.0358398817043053e-06
seg_adf986,3.8852648735046387
seg_ae32a6,5.4350972175598145
seg_ae3388,5.816652297973633
seg_ae3d92,2.5969691276550293
seg_ae42b3,7.978585243225098
seg_ae9626,2.499573230743408
seg_ae9761,8.881819725036621
seg_aec276,6.3818864822387695
seg_aed434,4.196974277496338
seg_aee7c0,5.88254451751709
seg_aee9bf,3.306674003601074
seg_aeeb31,1.213950514793396
seg_af1650,3.934999942779541
seg_af2472,0.7964219450950623
seg_af6204,5.493414402008057
seg_af703b,7.574844837188721
seg_af959f,5.247109413146973
seg_afa4a1,6.042681694030762
seg_afadfb,6.449126243591309
seg_afca81,3.904646396636963
seg_afd665,6.393163681030273
seg_b00f05,6.304818630218506
seg_b02e31,6.414889335632324
seg_b03de5,8.408624649047852
seg_b08e9d,7.6816229820251465
seg_b0a794,0.4128889739513397
seg_b0bf65,4.8815016746521
seg_b0cf32,7.370446681976318
seg_b0d251,7.196797847747803
seg_b0f9cd,5.684192180633545
seg_b108c9,5.541053771972656
seg_b13220,3.8521058559417725
seg_b13fb9,6.254595756530762
seg_b197e2,6.012097358703613
seg_b1a35c,8.296625137329102
seg_b1b95e,0.9837037920951843
seg_b1fea8,2.0221478939056396
seg_b20487,7.662646770477295
seg_b21273,3.805856943130493
seg_b23489,5.418500900268555
seg_b253ee,5.307603359222412
seg_b25dde,4.1654253436718136e-05
seg_b26368,5.353940486907959
seg_b284b2,4.943001747131348
seg_b291c0,0.7662995457649231
seg_b2b29d,6.827551364898682
seg_b2b331,4.821664810180664
seg_b2e045,5.649837017059326
seg_b31961,3.2681996822357178
seg_b32d1d,4.005301475524902
seg_b35174,0.0
seg_b36650,0.02313397265970707
seg_b36c8a,6.2025322914123535
seg_b378bc,4.058908939361572
seg_b3883e,2.9994797706604004
seg_b3cf21,4.229226112365723
seg_b3d886,0.6409385204315186
seg_b402ac,7.343434810638428
seg_b41d3c,2.9474215507507324
seg_b42170,2.66664457321167
seg_b4402d,6.411377906799316
seg_b44c2e,6.21614933013916
seg_b47c19,7.732358455657959
seg_b4c040,3.103604316711426
seg_b4cb44,8.045461654663086
seg_b4f7a8,4.667940616607666
seg_b50239,4.409527778625488
seg_b51380,6.291894435882568
seg_b51b7c,6.439321994781494
seg_b52710,5.2340874671936035
seg_b52add,8.348235130310059
seg_b52dac,5.174132347106934
seg_b54024,2.211468458175659
seg_b568c6,6.917795658111572
seg_b57e76,6.501254558563232
seg_b5804a,5.694891929626465
seg_b58542,6.0273590087890625
seg_b5a447,3.0368306636810303
seg_b5aee9,7.073502540588379
seg_b6254c,3.887937307357788
seg_b63de1,0.10535817593336105
seg_b64c9c,6.179592132568359
seg_b66b87,5.385511875152588
seg_b686e5,1.0930128021733573e-43
seg_b687fc,4.116005897521973
seg_b691c5,3.3247125148773193
seg_b69455,7.977536201477051
seg_b695b3,5.706023216247559
seg_b6bdaa,7.254080772399902
seg_b6c10d,6.707449913024902
seg_b6cb2b,3.9131367206573486
seg_b72413,6.81369161605835
seg_b735a5,6.530409336090088
seg_b77bf5,7.158029079437256
seg_b782c7,8.010014533996582
seg_b78883,8.198205947875977
seg_b7a8a1,2.414935350418091
seg_b7b098,3.0730984210968018
seg_b7da0a,4.588034152984619
seg_b7eeb6,6.177373886108398
seg_b80358,7.9412665367126465
seg_b80366,6.86469030380249
seg_b80b89,5.203927993774414
seg_b8141c,1.908624529838562
seg_b853c1,9.345009803771973
seg_b853f8,8.634687423706055
seg_b86ce1,5.6810197830200195
seg_b8725b,3.3058669567108154
seg_b8745c,8.013470649719238
seg_b87cf5,7.117218971252441
seg_b88baa,5.452048301696777
seg_b89218,5.626004219055176
seg_b89e47,3.4497158527374268
seg_b8b72f,7.125626087188721
seg_b8bb87,8.392743110656738
seg_b8fd73,8.53575325012207
seg_b91011,5.79656982421875
seg_b917b5,4.039581775665283
seg_b91ae2,4.779592037200928
seg_b9361a,5.438600063323975
seg_b9365c,4.3231329917907715
seg_b947ae,4.742142200469971
seg_b95010,1.2429763078689575
seg_b95a77,7.096214294433594
seg_b9619c,6.7314653396606445
seg_b9ad7f,5.010273456573486
seg_b9bdd7,7.840182304382324
seg_b9d8a0,4.9129509925842285
seg_b9de03,4.052392482757568
seg_b9ec4b,7.132509231567383
seg_ba0485,7.282762050628662
seg_ba1d68,3.281107187271118
seg_ba2c48,5.950590133666992
seg_ba3c47,2.9937984943389893
seg_ba3e74,2.0533814430236816
seg_ba4ea3,7.538989543914795
seg_ba5e7e,4.396752834320068
seg_ba83da,2.8002071380615234
seg_ba941e,6.59712553024292
seg_ba98dc,2.718601703643799
seg_ba9dbf,4.538700580596924
seg_baa745,5.795229434967041
seg_bb171f,8.142372131347656
seg_bb180c,6.142276763916016
seg_bb2d77,3.383798360824585
seg_bb5e15,3.9043591022491455
seg_bb6904,0.7574291825294495
seg_bb6fcb,6.392019271850586
seg_bb92b1,2.3577158451080322
seg_bbb01e,7.42203426361084
seg_bbbc30,4.5716047286987305
seg_bbf805,1.806714415550232
seg_bbfd4e,5.930041313171387
seg_bc07c8,0.006209592334926128
seg_bc1d67,8.345890998840332
seg_bc2186,7.577183723449707
seg_bc437b,7.306156158447266
seg_bca500,4.720015048980713
seg_bcc8f1,6.540245532989502
seg_bce23c,7.353292465209961
seg_bce305,6.02140474319458
seg_bcf2d9,5.312868118286133
seg_bcf6af,6.482583045959473
seg_bcfad6,5.114072322845459
seg_bd00c4,2.251166582107544
seg_bd2b0c,6.398588180541992
seg_bd31bf,5.302730560302734
seg_bd40f2,8.324410438537598
seg_bd4d30,7.235228538513184
seg_bd5022,2.493272066116333
seg_bd629b,4.452918529510498
seg_bd6f5f,7.028610706329346
seg_bd7109,1.5536482334136963
seg_bdae02,7.592236518859863
seg_bdf84b,6.528079986572266
seg_be0cdc,0.8696774244308472
seg_be0dfa,6.8138580322265625
seg_be19e2,7.83338737487793
seg_be30ce,4.555510520935059
seg_be4612,7.274487018585205
seg_be62ef,7.506277561187744
seg_be65f2,0.11226280778646469
seg_be811d,3.871628761291504
seg_beb650,5.863723278045654
seg_beda44,7.803014278411865
seg_bee792,6.180612564086914
seg_bf1294,0.33620917797088623
seg_bf1430,7.89210319519043
seg_bf1a72,4.517317295074463
seg_bf2d1f,7.534255504608154
seg_bf4bf2,0.045321833342313766
seg_bf4ec0,6.417813301086426
seg_bf58ce,5.030397415161133
seg_bf7224,3.3503947257995605
seg_bfdd14,1.74217003504545e-27
seg_bfe0b6,9.088924407958984
seg_bff05e,5.161294460296631
seg_bff392,1.3605233430862427
seg_c01a57,2.94633412361145
seg_c01d9a,7.976867198944092
seg_c01f63,7.381841659545898
seg_c0260d,6.59947395324707
seg_c047b7,3.8397223949432373
seg_c05a7d,7.069355487823486
seg_c07b7c,3.3175995349884033
seg_c08d36,3.327575206756592
seg_c09a41,5.915642261505127
seg_c0c0ed,5.488771438598633
seg_c0d7da,1.0825024843215942
seg_c0e1b9,5.100480556488037
seg_c0ea9f,4.173152923583984
seg_c106ca,4.483839511871338
seg_c10a58,5.617674827575684
seg_c11828,3.1199288368225098
seg_c11a4f,2.2689757347106934
seg_c12d7d,7.535486221313477
seg_c146a8,7.680765151977539
seg_c15d21,5.614590167999268
seg_c17817,1.2753877639770508
seg_c179f8,3.2643544673919678
seg_c183e4,4.322354793548584
seg_c186dc,5.89182186126709
seg_c18d5a,5.1848649978637695
seg_c1fe9a,0.3138195872306824
seg_c20a27,6.371486663818359
seg_c20c06,0.25731486082077026
seg_c21723,2.6885323524475098
seg_c21d60,0.6217373013496399
seg_c22bd4,5.956034183502197
seg_c23429,0.8626327514648438
seg_c23641,9.029311180114746
seg_c243a6,0.0005788929993286729
seg_c24946,3.4313058853149414
seg_c25855,8.511160850524902
seg_c267a5,2.898817777633667
seg_c26fb4,1.1662781238555908
seg_c27591,3.0868589878082275
seg_c2a0c8,3.671917676925659
seg_c2b8f7,3.5531909465789795
seg_c3507f,4.502305507659912
seg_c35940,2.5576400756835938
seg_c365de,4.675348281860352
seg_c3836b,1.334899663925171
seg_c3f672,7.876587390899658
seg_c3f8d7,2.9744060039520264
seg_c41d1d,4.390712738037109
seg_c42490,3.238025188446045
seg_c42952,6.223938465118408
seg_c44bbc,4.0764360427856445
seg_c46ce6,2.792170524597168
seg_c472cf,7.643924713134766
seg_c47bdc,7.222102642059326
seg_c4af54,6.211279392242432
seg_c5064e,8.032116889953613
seg_c509ff,7.394856929779053
seg_c522f8,5.950048923492432
seg_c5256d,6.159095764160156
seg_c52ae6,2.8642261028289795
seg_c5325c,6.609715938568115
seg_c550b1,8.01546859741211
seg_c565bd,6.005450248718262
seg_c571ef,6.618168354034424
seg_c588c1,7.907864570617676
seg_c58ca5,4.813369274139404
seg_c5abaa,6.9450602531433105
seg_c5c455,0.00034619076177477837
seg_c5c6ea,4.508439064025879
seg_c5dada,4.770002365112305
seg_c5dee4,0.00020450344891287386
seg_c5f986,3.385746955871582
seg_c5fc3b,5.52046012878418
seg_c5fc87,4.236313819885254
seg_c607eb,1.8590575456619263
seg_c60dca,6.713308811187744
seg_c60f1d,3.5576581954956055
seg_c627fc,7.317811965942383
seg_c62a06,4.1858320236206055
seg_c65135,6.32286028121598e-05
seg_c654e7,3.789588451385498
seg_c666dd,4.610491752624512
seg_c671f7,5.728635787963867
seg_c6b514,5.03454065322876
seg_c6c29f,3.9552619457244873
seg_c6f0a2,5.1002888679504395
seg_c6f533,2.924189567565918
seg_c6f9c2,0.8108765482902527
seg_c703be,6.126312255859375
seg_c70fde,5.94195556640625
seg_c714d0,7.800085544586182
seg_c73df6,5.075433254241943
seg_c747ad,7.522818565368652
seg_c747b4,4.506900310516357
seg_c7a3bc,1.5189342498779297
seg_c7a401,4.684527397155762
seg_c7a579,6.7750043869018555
seg_c7b424,6.2148847579956055
seg_c80857,0.0
seg_c81e10,7.245843887329102
seg_c81fec,5.49082612991333
seg_c8459f,5.419926643371582
seg_c87c24,5.902508735656738
seg_c901c0,1.4748016595840454
seg_c90be5,7.806595802307129
seg_c9201c,3.829561471939087
seg_c9481f,4.573352336883545
seg_c94941,0.58636873960495
seg_c9831a,1.9662873995685004e-08
seg_c9e533,7.078683376312256
seg_c9f80a,6.022463321685791
seg_ca2d1b,4.545621395111084
seg_ca407b,6.229452610015869
seg_ca44a8,6.851693153381348
seg_ca67ee,1.7248038053512573
seg_ca6d70,0.39943429827690125
seg_ca8389,5.181922435760498
seg_ca88e3,7.040700435638428
seg_ca9e39,5.811884880065918
seg_caa919,6.561650276184082
seg_cacd0a,3.924423933029175
seg_cacd58,3.8383231163024902
seg_cb0e21,7.40029239654541
seg_cb806c,4.728695392608643
seg_cbcce9,7.396705627441406
seg_cbfb19,7.156678199768066
seg_cc096e,7.073035717010498
seg_cc2c46,4.497289657592773
seg_cc2e9b,2.1983628273010254
seg_cc4199,6.605402946472168
seg_cc4932,7.732497215270996
seg_cc4950,2.504321813583374
seg_cc667b,3.715745687484741
seg_cc7a19,3.7627296447753906
seg_cc7e39,7.677397727966309
seg_ccdc28,1.0642688274383545
seg_cd0691,0.09116055816411972
seg_cd2b34,6.350779056549072
seg_cd2b53,0.009341085329651833
seg_cd352f,6.344094753265381
seg_cd43b4,7.3601531982421875
seg_cd699e,5.6606316566467285
seg_cd9f9b,5.847315311431885
seg_cdadb5,6.5782790184021
seg_cdf88e,5.018723964691162
seg_ce00bb,5.767142295837402
seg_ce46ba,0.14487923681735992
seg_ce472b,6.393831729888916
seg_ce5520,3.720613718032837
seg_ce5832,0.7706513404846191
seg_ce72e2,1.0239945650100708
seg_ce7537,5.384521007537842
seg_ce9f59,0.7973888516426086
seg_cea185,4.029532432556152
seg_ceab44,7.8141069412231445
seg_ceb942,6.598618984222412
seg_cec2f2,5.869350910186768
seg_cecd29,4.447168350219727
seg_ced992,5.634373188018799
seg_cedf3e,5.970959663391113
seg_cee7d0,7.826210975646973
seg_cf0e43,4.1440205574035645
seg_cf1371,5.05839204788208
seg_cf25d2,2.5418248176574707
seg_cf3825,5.226869106292725
seg_cf5764,7.503898620605469
seg_cf646e,6.701389312744141
seg_cf74e8,2.698476791381836
seg_cf9a49,4.4251251220703125
seg_cfed24,4.264711856842041
seg_cff594,0.36540186405181885
seg_d014a3,8.953454971313477
seg_d0598e,2.450650930404663
seg_d062a6,7.26275110244751
seg_d07c62,5.162530422210693
seg_d07ce8,8.182575225830078
seg_d098df,6.12324857711792
seg_d0c280,0.003867214545607567
seg_d0c8e2,5.161440849304199
seg_d0f262,5.035168170928955
seg_d0f803,4.13799524307251
seg_d1045e,6.383940696716309
seg_d11ca8,6.755048751831055
seg_d14524,5.917158603668213
seg_d146a6,4.234164237976074
seg_d16534,6.760754585266113
seg_d19980,5.7615556716918945
seg_d1a281,5.4438796043396
seg_d1a2b9,0.569412887096405
seg_d1a8b3,3.423640012741089
seg_d1abaa,8.143783569335938
seg_d1b91e,5.526485919952393
seg_d1ca05,7.87684965133667
seg_d1cb37,7.998795032501221
seg_d1eee8,7.47252893447876
seg_d1fbb8,5.564047336578369
seg_d21066,6.266321182250977
seg_d21eb6,4.6061177253723145
seg_d24095,6.2674479484558105
seg_d247da,3.2242648601531982
seg_d2551a,8.36536693572998
seg_d26f7d,8.217188835144043
seg_d27193,5.028017520904541
seg_d27812,7.637588977813721
seg_d29a4b,3.6582608222961426
seg_d2a533,6.433168411254883
seg_d2ad9a,3.4477896690368652
seg_d2cb02,3.6242446899414062
seg_d2db6b,1.692008137702942
seg_d2f588,5.915009021759033
seg_d30a9d,3.0949456691741943
seg_d31583,7.1546854972839355
seg_d320f5,4.60494327545166
seg_d328bb,4.760275363922119
seg_d32f71,5.727862358093262
seg_d32f8a,5.06221342086792
seg_d35274,6.581657886505127
seg_d356ab,4.2653913497924805
seg_d35e50,6.32899284362793
seg_d36055,5.921666622161865
seg_d36342,7.353602409362793
seg_d36681,7.721644878387451
seg_d36737,5.616657257080078
seg_d37b05,7.221890926361084
seg_d39131,6.662439346313477
seg_d398df,6.86761999130249
seg_d3992e,7.654994964599609
seg_d3bb14,4.401576995849609
seg_d3d8fc,7.020256042480469
seg_d3f6b0,5.9887003898620605
seg_d3f967,2.5097789764404297
seg_d40bb2,7.765176296234131
seg_d41daa,6.044459819793701
seg_d42c77,6.177676677703857
seg_d44589,5.3639936447143555
seg_d47aba,6.732710361480713
seg_d4c763,7.2365007400512695
seg_d4dec8,5.124212741851807
seg_d4ea17,7.439271926879883
seg_d508db,7.429262638092041
seg_d516e3,7.182466506958008
seg_d56ae2,6.670312881469727
seg_d56d32,6.880823612213135
seg_d59e4e,5.229747772216797
seg_d5b100,5.228847026824951
seg_d5d3a1,5.131412982940674
seg_d5dbc1,3.6051459312438965
seg_d5df41,5.556612491607666
seg_d5f344,4.872582912445068
seg_d60d18,4.564452171325684
seg_d62e9c,2.7398581504821777
seg_d63175,6.444630146026611
seg_d661ce,3.8119592666625977
seg_d668c0,6.353116512298584
seg_d68930,8.583235740661621
seg_d693b0,7.554666042327881
seg_d6b198,4.6067938804626465
seg_d6b386,8.647944450378418
seg_d6b546,7.97367525100708
seg_d6dad6,5.569629192352295
seg_d6ea73,3.688061237335205
seg_d702b2,5.7216901779174805
seg_d71352,8.539055824279785
seg_d740b2,8.169591903686523
seg_d753f8,2.726271867752075
seg_d78093,0.09757961332798004
seg_d78e7d,1.2880995273590088
seg_d795ab,5.497114658355713
seg_d7967e,6.7318010330200195
seg_d7a805,6.97957706451416
seg_d7ab50,3.1128883361816406
seg_d7f015,6.459305286407471
seg_d7f53a,5.737980842590332
seg_d8014d,5.142202854156494
seg_d83890,0.7787182927131653
seg_d85e2e,3.493239641189575
seg_d86eb6,4.8950090408325195
seg_d88da7,6.599853992462158
seg_d89369,3.519918441772461
seg_d90c5f,0.05902032554149628
seg_d91492,6.822952747344971
seg_d9190c,5.324831008911133
seg_d9352b,4.560436248779297
seg_d962cc,7.503128528594971
seg_d9750c,5.010378837585449
seg_d9a2bb,2.614614486694336
seg_d9b162,2.1915981769561768
seg_d9bb68,7.615307331085205
seg_d9ce67,5.330138206481934
seg_d9d0e4,4.021090984344482
seg_d9dab4,7.411799907684326
seg_da21ee,7.53527307510376
seg_da7c3b,7.0156354904174805
seg_da80c4,7.045432090759277
seg_da8b88,6.897815227508545
seg_dab0f9,6.125220775604248
seg_dad4f2,7.634943962097168
seg_db3446,5.27694034576416
seg_db3a95,3.266894817352295
seg_db3fbe,6.8904242515563965
seg_db4185,3.8804261684417725
seg_db606c,5.467350959777832
seg_db694a,2.5640242099761963
seg_db6d5f,7.691516399383545
seg_db90c0,6.160033226013184
seg_dbbb44,6.384650707244873
seg_dbc615,0.18596269190311432
seg_dbf3f2,0.10448157042264938
seg_dc188b,3.9860339164733887
seg_dc1cf0,7.77890682220459
seg_dc23c0,6.542934894561768
seg_dc4698,4.1995649337768555
seg_dc5e63,6.842289924621582
seg_dc6e94,3.6171023845672607
seg_dc73b8,4.14774227142334
seg_dc7e0d,2.8001582622528076
seg_dca2c2,7.766138076782227
seg_dcb51d,2.5690126419067383
seg_dcbe02,6.703376770019531
seg_dcd9df,4.154190540313721
seg_dcee28,4.204710483551025
seg_dceeca,0.37262001633644104
seg_dcf242,6.925118446350098
seg_dcfb4b,7.936339378356934
seg_dd0b11,5.135289669036865
seg_dd4594,6.60590934753418
seg_dd699c,0.02220955677330494
seg_dd780d,6.283690452575684
seg_dd8805,5.707131862640381
seg_ddbadc,6.935392379760742
seg_ddc800,7.730616092681885
seg_ddd206,5.925002574920654
seg_ddddf0,3.528839588165283
seg_de225c,7.812845230102539
seg_de3237,6.625661849975586
seg_de3d5e,5.56642484664917
seg_de4e1d,5.503891468048096
seg_de8180,2.559737205505371
seg_de98fa,0.0003838310658466071
seg_de9e32,7.55494499206543
seg_df0df7,5.667762756347656
seg_df352f,2.2761123180389404
seg_df45b0,6.1440582275390625
seg_df8385,4.806886196136475
seg_df8e0a,7.841369152069092
seg_df99d4,4.54633903503418
seg_dff078,6.1168389320373535
seg_e00465,8.762479782104492
seg_e051bc,6.560299396514893
seg_e05de2,3.973607301712036
seg_e067ab,8.057389259338379
seg_e09301,2.5694587230682373
seg_e0c329,2.313027858734131
seg_e0ce38,6.0643720626831055
seg_e0cfd4,5.386515140533447
seg_e0f296,6.359936237335205
seg_e10d3b,6.5681471824646
seg_e13bd8,7.922479152679443
seg_e14149,5.108333587646484
seg_e1468f,7.116619110107422
seg_e15cb9,5.265635013580322
seg_e197b8,5.352272033691406
seg_e1a9e0,7.492186069488525
seg_e1daa0,6.6454691886901855
seg_e1f045,6.095038414001465
seg_e1f081,3.773606061935425
seg_e20d76,6.446150779724121
seg_e217fc,5.3768134117126465
seg_e2209b,3.5244200229644775
seg_e24496,7.22700834274292
seg_e24f69,6.192686080932617
seg_e256bd,0.2743816077709198
seg_e25aca,4.733793258666992
seg_e266f4,5.672478199005127
seg_e27c0a,3.646347999572754
seg_e29670,3.2255890369415283
seg_e2b8b1,8.461289405822754
seg_e2c82c,2.7898130416870117
seg_e3005e,3.3957836627960205
seg_e30e44,2.419844150543213
seg_e30ef5,0.00462666479870677
seg_e34052,2.9671218395233154
seg_e37b8e,2.4115164279937744
seg_e3b1f1,6.630744934082031
seg_e3ca24,6.275649547576904
seg_e3cf1a,6.564999103546143
seg_e3d751,0.0
seg_e3dafa,8.463065147399902
seg_e3e762,6.609132766723633
seg_e40348,5.055464744567871
seg_e405fe,3.646742343902588
seg_e40d64,7.491044998168945
seg_e41fc9,4.75454044342041
seg_e47d2b,4.549035549163818
seg_e481c7,6.725756645202637
seg_e48c23,6.787371635437012
seg_e49750,6.746212005615234
seg_e4c15a,2.9801225662231445
seg_e4f203,6.100709438323975
seg_e4f403,2.286088228225708
seg_e50f16,6.837612628936768
seg_e52f8c,4.881157875061035
seg_e53a52,6.417568683624268
seg_e54932,6.513334274291992
seg_e5750a,8.05875301361084
seg_e59dca,6.010872840881348
seg_e5b510,5.299215316772461
seg_e5c033,6.996301651000977
seg_e5deec,0.42792415618896484
seg_e5e238,0.04694094508886337
seg_e5f9ec,4.102902889251709
seg_e5fbc1,0.03574618324637413
seg_e60719,7.834720134735107
seg_e6307f,7.2874531745910645
seg_e64dfa,6.467338562011719
seg_e65e69,6.0277018547058105
seg_e66697,0.010882609523832798
seg_e6b236,5.3821868896484375
seg_e6bd3f,3.236015558242798
seg_e6c973,5.992224216461182
seg_e6e1df,6.2209014892578125
seg_e6e24e,4.778265476226807
seg_e71dda,7.040410041809082
seg_e72f10,6.931650161743164
seg_e742dc,8.038496971130371
seg_e76e6e,5.340559482574463
seg_e7ac12,5.425529479980469
seg_e7ced6,6.8707051277160645
seg_e7d1f8,1.658214807510376
seg_e7d3e7,5.5784077644348145
seg_e80726,4.790824890136719
seg_e81b50,4.382958889007568
seg_e8385f,7.283779144287109
seg_e85f55,0.48558756709098816
seg_e86e44,4.7249369621276855
seg_e86ed1,7.033638000488281
seg_e86f77,3.7563395500183105
seg_e877a5,3.3310978412628174
seg_e8a2c4,6.100242614746094
seg_e8a4f4,7.265977382659912
seg_e8ac98,4.895114421844482
seg_e8ad6b,3.8220207691192627
seg_e8b2b3,4.814608573913574
seg_e8bcde,7.392765998840332
seg_e8ce6a,4.103983402252197
seg_e8d02f,3.5485260486602783
seg_e90c0d,3.5507774353027344
seg_e92526,5.7899489402771
seg_e9272e,5.5816874504089355
seg_e96140,0.39610204100608826
seg_e98217,6.204838752746582
seg_e9a09f,2.569988965988159
seg_e9aa44,7.284195899963379
seg_e9df42,8.38408374786377
seg_e9e65b,7.508162021636963
seg_ea0091,5.965633869171143
seg_ea05c1,5.2067084312438965
seg_ea096b,5.470767021179199
seg_ea098b,5.40355110168457
seg_ea4d3a,7.484130382537842
seg_ea78c0,8.3671236038208
seg_ea8270,7.673406600952148
seg_ea9d37,5.9643120765686035
seg_ea9fa4,7.431818962097168
seg_eaa0ec,5.652681827545166
seg_eabb2c,8.387093544006348
seg_eacccf,4.638558387756348
seg_ead30e,1.5577890872955322
seg_eb0b19,7.667786598205566
seg_eb1d6e,4.720005989074707
seg_eb2e11,2.8456525802612305
seg_eb32bc,1.7595794200897217
seg_eb47a9,0.10313072800636292
seg_eb692c,8.378844261169434
seg_eb7595,5.190735340118408
seg_eb7f91,4.457304954528809
seg_eba22d,4.383510112762451
seg_ebb79f,7.222596168518066
seg_ebd77b,7.945346832275391
seg_ebe36c,3.970656156539917
seg_ebec3e,2.0002660751342773
seg_ec0e7b,7.773011684417725
seg_ec4645,7.002297401428223
seg_ec73d5,4.743703842163086
seg_ec973c,7.872877597808838
seg_eca2eb,7.294371128082275
seg_ecaef0,5.159112453460693
seg_eccb17,1.3329975605010986
seg_ecdca4,3.844811201095581
seg_ecf28d,5.166539192199707
seg_ecf81b,7.4238786697387695
seg_ed07b0,4.791037082672119
seg_ed3e4c,7.40960693359375
seg_ed52ac,8.01523494720459
seg_ed7741,8.094040870666504
seg_ed7dee,6.972109317779541
seg_ed7f69,4.1650238037109375
seg_edda79,6.4024882316589355
seg_edecaa,4.462837219238281
seg_ee1cfc,5.393472671508789
seg_ee2781,8.365066528320312
seg_ee4479,3.6729414463043213
seg_ee4ae5,2.2063117027282715
seg_ee7224,3.5440642833709717
seg_ee87e2,0.535121738910675
seg_ee8f87,6.424872398376465
seg_eea20e,7.646758079528809
seg_eebbc2,6.661471843719482
seg_eee89d,6.2378950119018555
seg_eefd4a,0.16888344287872314
seg_ef24bd,6.756424427032471
seg_ef27c8,0.782592236995697
seg_ef47c4,6.968279838562012
seg_ef644a,6.512617111206055
seg_ef660a,8.029874801635742
seg_ef74dc,4.578954696655273
seg_ef779d,0.7109964489936829
seg_ef9105,8.035754203796387
seg_efb639,4.057124614715576
seg_efbf3e,7.165821552276611
seg_efc5fb,6.669534683227539
seg_efd9ec,6.965549468994141
seg_f003ca,6.401525974273682
seg_f01368,5.36452054977417
seg_f0181d,4.921245574951172
seg_f02d32,7.86395263671875
seg_f056d8,5.481931209564209
seg_f0574b,6.431781768798828
seg_f073e2,6.831536293029785
seg_f0ce4a,1.362965703010559
seg_f0cedb,7.714580535888672
seg_f0d278,5.028040885925293
seg_f0db55,0.008089154027402401
seg_f11620,3.4876701831817627
seg_f11f77,5.8915863037109375
seg_f165f6,3.125332832336426
seg_f19f8e,7.035145282745361
seg_f1a771,4.688084125518799
seg_f1b916,1.465881109237671
seg_f1f5b9,5.654560565948486
seg_f21a22,6.000741481781006
seg_f21bf4,6.6238226890563965
seg_f22163,7.436549663543701
seg_f229bf,5.079875469207764
seg_f24292,7.6881022453308105
seg_f2750c,6.3679375648498535
seg_f2a20d,4.690999507904053
seg_f2ae5e,3.229447841644287
seg_f2b0c5,4.548960208892822
seg_f2cb5e,0.436855673789978
seg_f2f5a3,0.5935633778572083
seg_f3063a,3.9013843536376953
seg_f30b2f,3.8673291206359863
seg_f30f0c,7.626798152923584
seg_f322b1,7.751779556274414
seg_f342a3,5.122481346130371
seg_f34877,4.513058662414551
seg_f383fb,6.106528282165527
seg_f3c578,4.296853539642598e-09
seg_f43730,7.012310028076172
seg_f43ab6,0.030875520780682564
seg_f455bc,6.579770565032959
seg_f46cc1,4.032369136810303
seg_f48363,2.797510862350464
seg_f48db9,5.0166778564453125
seg_f4ad4b,4.968750953674316
seg_f4d644,4.2085723876953125
seg_f52cdc,7.239752292633057
seg_f5406b,0.25639790296554565
seg_f579ba,3.956981897354126
seg_f57ca1,8.50710678100586
seg_f59974,6.307019233703613
seg_f5a4ee,6.896444797515869
seg_f5a6ab,5.113384246826172
seg_f5d2dd,7.434316635131836
seg_f5e682,4.601418495178223
seg_f60872,4.903512954711914
seg_f618a8,7.463843822479248
seg_f61b0e,5.451126575469971
seg_f639cd,4.851800441741943
seg_f639ec,7.044135093688965
seg_f650cc,0.4581829309463501
seg_f6659e,5.782253265380859
seg_f66db1,5.3686394691467285
seg_f679c6,7.486048221588135
seg_f67ce2,4.460560321807861
seg_f6828d,0.0060121589340269566
seg_f69c38,2.7513201236724854
seg_f6a217,4.2321577072143555
seg_f6abc5,8.073500633239746
seg_f6b70c,6.443536281585693
seg_f6bae8,6.203891754150391
seg_f6c0cb,2.729464292526245
seg_f6c928,4.933794021606445
seg_f6cfd4,5.523050308227539
seg_f6d51b,2.3851473331451416
seg_f6e1ca,6.167535781860352
seg_f6e89f,7.590660095214844
seg_f6f523,0.05239500105381012
seg_f6f683,6.950501918792725
seg_f7050a,3.118169069290161
seg_f70b66,5.648073673248291
seg_f71db8,6.532582759857178
seg_f7290f,4.504941463470459
seg_f734c8,6.002117156982422
seg_f741af,4.289356708526611
seg_f77ee5,8.74882984161377
seg_f7d792,1.828769326210022
seg_f7de40,7.20266056060791
seg_f80e44,4.974900722503662
seg_f83d28,5.944639682769775
seg_f865be,3.956171751022339
seg_f86c41,1.2925589084625244
seg_f88d4a,6.13812780380249
seg_f8db0a,5.415259838104248
seg_f8dd7e,5.970069885253906
seg_f931de,6.829318046569824
seg_f93ce5,0.39367082715034485
seg_f95fd3,5.388202667236328
seg_f96d0e,3.734069585800171
seg_f96d5a,5.7531538009643555
seg_f97274,2.4909892082214355
seg_f99b64,5.995530128479004
seg_f9e4f2,7.920543193817139
seg_f9eea3,5.361677646636963
seg_fa0ac7,5.2440924644470215
seg_fa34c7,5.837356090545654
seg_fa488e,5.12166690826416
seg_fa4df0,4.100534439086914
seg_fa6383,6.354752540588379
seg_fa796b,3.719907760620117
seg_fa9f00,5.55500602722168
seg_fad815,3.612154960632324
seg_fb00b3,7.128970146179199
seg_fb11ba,3.445467233657837
seg_fb1f5c,7.660813331604004
seg_fb4c26,5.126785755157471
seg_fb74f0,5.945069789886475
seg_fb76ca,5.7178826332092285
seg_fb8af5,4.212824821472168
seg_fb9491,1.8532507419586182
seg_fb9b2e,5.327555179595947
seg_fbce13,4.793328762054443
seg_fbd66b,5.517857551574707
seg_fbddb9,6.535606861114502
seg_fbe3c2,4.415309906005859
seg_fbf17a,7.168284893035889
seg_fbff25,3.710764169692993
seg_fc407c,6.776778221130371
seg_fc57d4,1.0293339490890503
seg_fc8fd6,2.73125958442688
seg_fcb7d0,7.464500427246094
seg_fcca66,2.4611120223999023
seg_fcd32e,4.202613353729248
seg_fd19b8,6.742953300476074
seg_fd374e,4.296008586883545
seg_fd6340,6.399897575378418
seg_fd8add,7.877440452575684
seg_fd9ac1,4.6519927978515625
seg_fdba93,4.453268527984619
seg_fdc1d4,0.873784601688385
seg_fdd50e,1.0019260976434907e-08
seg_fde767,6.434261322021484
seg_fde86d,5.96351432800293
seg_fdff11,6.918284043422318e-07
seg_fe2aac,1.1734602451324463
seg_fe5945,2.501861810684204
seg_fe70c0,6.539752960205078
seg_fe73b1,5.574413776397705
seg_fe86f5,5.686440944671631
seg_fea3e2,7.714193344116211
seg_feb312,5.451842784881592
seg_fedbd1,7.735795974731445
seg_ff0f1b,0.4314826726913452
seg_ff1a62,7.69258451461792
seg_ff2f2d,5.879183292388916
seg_ff4236,6.223988056182861
seg_ff7478,3.372967004776001
seg_ff79d9,0.7237727046012878
seg_ffbd6a,0.02222307212650776
seg_ffe7cc,7.227026462554932
